NHSTID,DIVA_NR,Y_KOORD,X_KOORD,CHSTNAME,CNAME,VTYP,HSTTYP,HAFAS_PRIO,LINKTEXT,ZONEN,SYMB_CODE,SYMB_TEXT,LINIEN,E,N,fixed_geometry,district_id
8591225,3121,,,"Zürich, Genossenschaftsstrasse",Zürich,Bus,&nbsp;,0,,110,2,Bus,"781,787,N78",2684804,1252206,POINT (47.41520320576222 8.562372713955002),12
8503004,13041,,,Zürich Tiefenbrunnen,Zürich,S-Bahn,"<IMG SRC=""../gisbrowser/_img/ZVV/HstTyp4.gif"" ALT=""S-Bahn Haltestelle"">",4,,110,1,Bahn,"S6,SN6,SN7,S16",2684844,1244981,POINT (47.3502213859498 8.561532755085674),8
8591343,2326,,,"Zürich, Schörlistrasse",Zürich,Tram,&nbsp;,2,,110,5,Tram,"7,9",2684932,1251178,POINT (47.40594166701226 8.563873299053554),12
8591116,716,,,"Zürich, Dunkelhölzli",Zürich,Bus,&nbsp;,0,,110,2,Bus,"35,67,78,N13",2677876,1249185,POINT (47.38888998330783 8.470053867076638),9
8591333,2152,,,"Zürich, Salzweg",Zürich,Bus,&nbsp;,0,,110,2,Bus,"35,67,78,N13",2678007,1249055,POINT (47.38770533776859 8.471766030643408),9
8596008,6998,,,"Zürich, Hermetschloo",Zürich,,&nbsp;,0,,,99,,,2678140,1249764,POINT (47.39406591730646 8.473651147109971),9
8591284,1698,,,"Zürich, Neeserweg",Zürich,Bus,&nbsp;,0,,110,2,Bus,35,2678225,1249379,POINT (47.39059336108897 8.47470958425124),9
8591155,944,,,"Zürich, Geeringstrasse",Zürich,"Bus,Trolleybus",&nbsp;,0,,110,2,Bus,"46,89,485,N4",2678622,1252036,POINT (47.41444152684199 8.480434372208665),10
8576242,1045,,,"Zürich, Grünwald",Zürich,Bus,&nbsp;,0,,110,2,Bus,485,2678824,1252368,POINT (47.41740316713042 8.483169285760649),10
8591158,979,,,"Zürich, Giblenstrasse",Zürich,"Bus,Trolleybus",&nbsp;,0,,110,2,Bus,"46,N4",2679044,1251629,POINT (47.41073071189214 8.485953604699361),10
8591214,1320,,,"Zürich, In der Ey",Zürich,"Bus,Trolleybus",&nbsp;,0,,110,2,Bus,"33,80,N14",2679534,1247022,POINT (47.36923910660852 8.491626260699885),9
8591203,1252,,,"Zürich, Hubertus",Zürich,"Bus,Tram,Trolleybus",&nbsp;,2,,110,3,Bus Tram,"3,33,83,89,N14",2680089,1247935,POINT (47.37738290184243 8.499136711904491),3
8591351,2302,,,"Zürich, Schweighof",Zürich,Bus,&nbsp;,0,,110,2,Bus,"73,89,N5",2680377,1246537,POINT (47.3647750068977 8.502698847144208),3
8591334,2142,,,"Zürich, SBB-Werkstätte",Zürich,"Bus,Trolleybus",&nbsp;,0,,110,2,Bus,"31,N2",2680395,1248960,POINT (47.3865638805726 8.503372310163307),4
8591353,2306,,,"Zürich, Schwert",Zürich,"Bus,Tram,Trolleybus",&nbsp;,2,,110,3,Bus Tram,"13,38,46,N4,N8",2680487,1250426,POINT (47.39973693398203 8.504854389393705),10
8591374,2449,,,"Zürich, Sportweg",Zürich,Tram,&nbsp;,2,,110,5,Tram,4,2680574,1249525,POINT (47.39162327454962 8.505844443297923),5
8591054,3021,,,"Zürich, Bahnhof Affoltern",Zürich,Bus,&nbsp;,0,,110,2,Bus,"37,61,62,N1",2680648,1252813,POINT (47.42118429861538 8.507417576915612),11
8591118,767,,,"Zürich, Einfangstrasse",Zürich,"Bus,Trolleybus",&nbsp;,0,,110,2,Bus,"32,61,62,N1",2681072,1252209,POINT (47.41570027720258 8.512926389807589),11
8502572,1012,,,"Zürich, Goldbrunnenplatz",Zürich,"Bus,Tram,Trolleybus",&nbsp;,2,,110,3,Bus Tram,"9,14,32,67,215,220,235,236,245,350,N5",2681214,1247159,POINT (47.37026631292251 8.51389094171603),3
8591089,508,,,"Zürich, Bleulerstrasse",Zürich,Bus,&nbsp;,0,,110,2,Bus,77,2685609,1244653,POINT (47.34717265252468 8.571593427222412),8
8591114,711,,,"Zürich, Dreiwiesen",Zürich,Bus,&nbsp;,0,,110,2,Bus,751,2685864,1248176,POINT (47.3788230367071 8.575643210671355),7
8591211,1311,,,"Zürich, Im Klösterli",Zürich,Bus,&nbsp;,0,,110,2,Bus,39,2685952,1248823,POINT (47.38463022061678 8.576932626684755),7
8591107,617,,,"Zürich, Zentrum Witikon",Zürich,"Bus,Trolleybus",&nbsp;,0,,110,2,Bus,"31,91,701,703,704,N16,N19",2686724,1245909,POINT (47.35832256830894 8.586590639311284),7
8591072,455,,,"Zürich, Berghaldenstrasse",Zürich,"Bus,Trolleybus",&nbsp;,0,,110,2,Bus,"31,N16,N19",2686986,1245949,POINT (47.3586477761705 8.590066003697141),7
8591194,1220,,,"Zürich, Hirzenbach",Zürich,Tram,&nbsp;,2,,110,5,Tram,9,2686996,1250909,POINT (47.40325306437945 8.591162629382145),12
8591432,3772,,,"Zürich, Wiesliacher",Zürich,Bus,&nbsp;,0,,110,2,Bus,91,2687501,1245575,POINT (47.3552161043961 8.596809046050701),7
8594239,6759,,,"Zürich, Schiffbau",Zürich,"Bus,Tram,Trolleybus",&nbsp;,2,,110,3,Bus Tram,"4,8,33,72,83,N5,N8",2681637,1249140,POINT (47.38802995204389 8.519852074133132),5
8591154,916,,,"Zürich, Frymannstrasse",Zürich,Bus,&nbsp;,0,,110,2,Bus,"70,N12",2681665,1243259,POINT (47.33513607740355 8.519150441404998),2
8591418,2801,,,"Zürich, Waidhof",Zürich,Bus,&nbsp;,0,,110,2,Bus,"62,N1",2681822,1253127,POINT (47.42386332686923 8.523031627938249),11
8503011,13042,,,Zürich Wiedikon,Zürich,S-Bahn,"<IMG SRC=""../gisbrowser/_img/ZVV/HstTyp4.gif"" ALT=""S-Bahn Haltestelle"">",4,,110,1,Bahn,"S2,S8,SN8,S24",2681899,1247341,POINT (47.37181833842243 8.522992422873685),3
8591110,648,,,"Zürich, Löwenbräu",Zürich,"Bus,Tram",&nbsp;,2,,110,3,Bus Tram,"4,6,13,N1,N4,N5,N7,N13",2682101,1249191,POINT (47.38843094995072 8.52600601654988),5
8591415,2795,,,"Zürich, Waffenplatzstrasse",Zürich,"Bus,Tram,Trolleybus",&nbsp;,2,,110,3,Bus Tram,"5,10,13,66,72,N12",2682123,1246195,POINT (47.36148400870191 8.525747679366564),2
8591427,6238,,,"Zürich, Werd",Zürich,Tram,&nbsp;,2,,110,5,Tram,"9,14",2682185,1247430,POINT (47.37258314395646 8.526795003096625),4
8591059,199,,,"Zürich, Bahnhof Enge/Bederstr.",Zürich,"Bus,Tram",&nbsp;,2,,110,3,Bus Tram,"5,10,13,200,210,444,445,N12",2682474,1246541,POINT (47.36455190321679 8.530457248577422),2
8591076,3587,,,"Zürich, Berufswahlschule",Zürich,Bus,&nbsp;,0,,110,2,Bus,40,2682629,1250971,POINT (47.40437304462291 8.533327028859937),6
8591241,3141,,,"Zürich, Landiwiese",Zürich,Bus,&nbsp;,0,,110,2,Bus,"161,165,N15",2682780,1245037,POINT (47.35098742945507 8.534229734482967),2
8591326,2108,,,"Zürich, Rotbuchstrasse",Zürich,Trolleybus,&nbsp;,0,,110,2,Bus,"32,33",2682860,1249518,POINT (47.39127674026881 8.536117802761719),6
8503681,2952,,,"Zürich Wollishofen, Schiffst.",Zürich,Schiff,"<IMG SRC=""../gisbrowser/_img/ZVV/HstTyp1.gif"" ALT=""Schiffsstation"">",1,,110,4,Schiff,3730,2682985,1244430,POINT (47.34550263371278 8.536830159129103),2
8591191,6250,,,"Zürich, Himmeri",Zürich,Bus,&nbsp;,0,,110,2,Bus,"75,N6",2683006,1252714,POINT (47.4200008997958 8.538644708248183),11
8503000,13030,,,Zürich HB,Zürich,S-Bahn,"<IMG SRC=""../gisbrowser/_img/ZVV/HstTyp4.gif"" ALT=""S-Bahn Haltestelle"">",4,,110,1,Bahn,"SN1,S2,S3,S5,SN5,S6,SN6,S7,SN7,S8,SN8,S9,SN9,S11,S12,S14,S15,S16,S19,S21,S24,S25,S42",2683018,1248099,POINT (47.37849529150847 8.537946979781211),4
8503088,14011,,,Zürich HB SZU,Zürich,S-Bahn,"<IMG SRC=""../gisbrowser/_img/ZVV/HstTyp4.gif"" ALT=""S-Bahn Haltestelle"">",4,,110,1,Bahn,"S4,SN4,S10",2683101,1248002,POINT (47.37761247242563 8.539027908408851),1
8591093,601,,,"Zürich, Kantonalbank",Zürich,Tram,&nbsp;,2,,110,5,Tram,"2,8,9,11",2683170,1246953,POINT (47.36816971670511 8.53974656829361),1
8591071,435,,,"Zürich, Beckenhof",Zürich,Tram,&nbsp;,2,,110,5,Tram,"11,14",2683198,1248723,POINT (47.384084438039 8.540446234485749),6
8587349,413,,,"Zürich, Bahnhofquai/HB",Zürich,"Tram,Trolleybus",&nbsp;,2,,110,3,Bus Tram,"4,6,11,13,14,46",2683302,1247991,POINT (47.37748816440156 8.541687102809018),1
8591187,1175,,,"Zürich, Hertensteinstrasse",Zürich,Bus,&nbsp;,0,,110,2,Bus,40,2683367,1253039,POINT (47.42287808769296 8.54348879505836),11
8591248,1532,,,"Zürich, Leimgrübelstrasse",Zürich,Bus,&nbsp;,0,,110,2,Bus,"75,N6",2683371,1253681,POINT (47.42865122815009 8.543661608814002),11
8591339,2164,,,"Zürich, Scheuchzerstrasse",Zürich,Trolleybus,&nbsp;,0,,110,2,Bus,33,2683459,1249139,POINT (47.38779265223184 8.543979893806988),6
8591229,1399,,,"Zürich, Kinkelstrasse",Zürich,"Bus,Tram",&nbsp;,2,,110,3,Bus Tram,"9,10,N11",2683635,1249263,POINT (47.38888550325076 8.54633376012924),6
8591173,1098,,,"Zürich, Haldenbach",Zürich,"Bus,Tram",&nbsp;,2,,110,3,Bus Tram,"9,10,N11",2683784,1248306,POINT (47.38025995401364 8.548127736507793),6
8591164,1008,,,"Zürich, Goldauerstrasse",Zürich,Standseilbahn,&nbsp;,0,,110,6,Bergbahn,23,2683913,1248979,POINT (47.38629604779286 8.549961988707492),6
8576196,1456,,,"Zürich, Kreuzstrasse",Zürich,"Bus,Tram",&nbsp;,2,,110,3,Bus Tram,"2,4,912,916,N18",2683936,1246410,POINT (47.36318919471543 8.549784812369651),8
8530813,1453,,,"Zürich, Kreuzplatz",Zürich,"S-Bahn,Tram,Trolleybus","<IMG SRC=""../gisbrowser/_img/ZVV/HstTyp4.gif"" ALT=""S-Bahn Haltestelle"">",4,,110,7,Bahn Bus Tram,"8,11,31,S18,SN18",2684247,1246622,POINT (47.36505610929792 8.553941217423391),7
8591330,2145,,,"Zürich, Saatlenstrasse",Zürich,Bus,&nbsp;,0,,110,2,Bus,"61,62,94,N11",2684848,1251718,POINT (47.41080884360206 8.562863043911149),12
8591444,3045,,,"Zürich, Zürichbergstrasse",Zürich,"Bus,Tram",&nbsp;,2,,110,3,Bus Tram,"6,N17",2684993,1248153,POINT (47.37872912403927 8.564106579986257),7
8591091,3715,,,"Zürich, Bocklerstrasse",Zürich,,&nbsp;,0,,110,99,,,2685199,1250811,POINT (47.40260665794372 8.567340311233973),12
8591345,2276,,,"Zürich, Schulhaus Buchlern",Zürich,Bus,&nbsp;,0,,110,2,Bus,"35,67,78,N13",2678525,1248724,POINT (47.38466697287051 8.478567640672241),9
8590318,821,,,"Zürich, Farbhof",Zürich,"Bus,Tram",&nbsp;,2,,110,3,Bus Tram,"2,35,N2",2678553,1249415,POINT (47.39087809459562 8.47905973488457),9
8591320,3122,,,"Zürich, Riedhofstrasse",Zürich,Bus,&nbsp;,0,,110,2,Bus,"89,485,N4",2678564,1251533,POINT (47.40992478962496 8.479577505149457),10
8591372,6003,,,"Zürich, Solidapark",Zürich,Bus,&nbsp;,0,,110,2,Bus,35,2679270,1249074,POINT (47.38772545420862 8.488494854565364),9
8591358,2364,,,"Zürich, Segantinistrasse",Zürich,"Bus,Trolleybus",&nbsp;,0,,110,2,Bus,"46,N4",2679352,1251268,POINT (47.40744706944471 8.489970023529882),10
8591057,5001,,,"Zürich, Bahnhof Altstetten N",Zürich,"Bus,Tram",&nbsp;,2,,110,3,Bus Tram,"4,304,307,308,485",2679370,1249558,POINT (47.39206622288432 8.489904987662566),9
8591035,3797,,,"Zürich, Albisrank",Zürich,Bus,&nbsp;,0,,110,2,Bus,"83,89",2679748,1248201,POINT (47.37981651314965 8.494669247964401),9
8503610,2680,,,"Zürich, Triemli",Zürich,"Bus,Tram,Trolleybus",&nbsp;,2,,110,3,Bus Tram,"9,14,33,80,215,220,235,236,245,350,N14",2679817,1246895,POINT (47.36806272308307 8.495349984312917),3
8591090,6626,,,"Zürich, Blumenfeldstrasse",Zürich,Bus,&nbsp;,0,,110,2,Bus,61,2680480,1253099,POINT (47.42377693731742 8.505242933827319),11
8591170,1073,,,"Zürich, Gutstrasse",Zürich,Bus,&nbsp;,0,,110,2,Bus,67,2680664,1247315,POINT (47.37173683980793 8.506638004173693),3
8591236,1446,,,"Zürich, Altes Krematorium",Zürich,"Bus,Tram,Trolleybus",&nbsp;,2,,110,3,Bus Tram,"3,33,72,83,N14",2680748,1247991,POINT (47.37780610447553 8.507871995732563),3
8503008,13021,,,Zürich Affoltern,Zürich,S-Bahn,"<IMG SRC=""../gisbrowser/_img/ZVV/HstTyp4.gif"" ALT=""S-Bahn Haltestelle"">",4,,110,1,Bahn,"S6,SN6,S21",2680749,1252787,POINT (47.42093809339143 8.508751222056654),11
8591149,902,,,"Zürich, Friesenberg",Zürich,Trolleybus,&nbsp;,0,,110,2,Bus,32,2680778,1246488,POINT (47.36428530202652 8.507998003804177),3
8503052,10902,,,Zürich Friesenberg,Zürich,S-Bahn,"<IMG SRC=""../gisbrowser/_img/ZVV/HstTyp4.gif"" ALT=""S-Bahn Haltestelle"">",4,,110,1,Bahn,S10,2680779,1246541,POINT (47.36476183220723 8.508020801482566),3
8591249,1539,,,"Zürich, Lerchenhalde",Zürich,Bus,&nbsp;,0,,110,2,Bus,"37,80",2680848,1251754,POINT (47.41163586420983 8.509876186682908),10
8591226,1379,,,"Zürich, Kempfhofsteig",Zürich,"Bus,Trolleybus",&nbsp;,0,,110,2,Bus,"46,N8",2680868,1250179,POINT (47.3974689073788 8.509856293895222),10
8591398,718,,,"Zürich, Toni-Areal",Zürich,Tram,&nbsp;,2,,110,5,Tram,4,2680943,1249370,POINT (47.39018406439583 8.510703273283283),5
8591195,1272,,,"Zürich, Höfliweg",Zürich,Trolleybus,&nbsp;,0,,110,2,Bus,32,2680996,1246857,POINT (47.36757712653944 8.510950367463252),3
8591385,2596,,,"Zürich, Strassenverkehrsamt",Zürich,"Bus,Tram,Trolleybus",&nbsp;,2,,110,3,Bus Tram,"10,13,32,89,N5",2681045,1245254,POINT (47.35315459605888 8.511308929344873),3
8591391,3453,,,"Zürich, Technopark",Zürich,Tram,&nbsp;,2,,110,5,Tram,4,2681295,1249250,POINT (47.38906151516514 8.515343072314806),5
8591047,114,,,"Zürich, Aubrücke",Zürich,Bus,&nbsp;,0,,110,2,Bus,"61,62,79,94,787,N11,N78",2685547,1251736,POINT (47.41088028097766 8.572126975649756),12
8591232,1425,,,"Zürich, Klosterweg",Zürich,,&nbsp;,0,,,99,,,2685764,1248759,POINT (47.384079151632 8.57443092445415),7
8591340,2251,,,"Zürich, Schlyfi",Zürich,"Bus,Trolleybus",&nbsp;,0,,110,2,Bus,"31,N16,N19",2685777,1246370,POINT (47.36259242646 8.574145263124947),7
8530811,421,,,"Zürich, Balgrist",Zürich,"S-Bahn,Tram","<IMG SRC=""../gisbrowser/_img/ZVV/HstTyp4.gif"" ALT=""S-Bahn Haltestelle"">",4,,110,8,Bahn Tram,"11,S18,SN18",2685855,1245484,POINT (47.35461415739722 8.57500784293179),8
8591181,1139,,,"Zürich, Heerenwiesen",Zürich,"Bus,Tram",&nbsp;,2,,110,3,Bus Tram,"9,N11",2685874,1251055,POINT (47.40471333612599 8.576328320438087),12
8591271,1620,,,"Zürich, Mattenhof",Zürich,"Bus,Tram",&nbsp;,2,,110,3,Bus Tram,"7,N11",2686985,1250396,POINT (47.39864099979502 8.59091712556766),12
8587652,88,,,"Zürich, Altried",Zürich,"Bus,Tram",&nbsp;,2,,110,3,Bus Tram,"9,94,759,787,N11,N78",2686987,1251190,POINT (47.40578134282885 8.591098085086976),12
8503147,12575,,,Stettbach,Zürich,S-Bahn,"<IMG SRC=""../gisbrowser/_img/ZVV/HstTyp4.gif"" ALT=""S-Bahn Haltestelle"">",4,,110,1,Bahn,"SN1,S3,S9,SN9,S11,S12",2687374,1250219,POINT (47.39699771012683 8.596034889419878),12
8591824,493,,,"Zürich, Binz",Zürich,Bus,&nbsp;,0,,110,2,Bus,"76,N5",2681560,1246352,POINT (47.36296588681478 8.518324373527147),3
8591350,2298,,,"Zürich, Schwandenholz",Zürich,Bus,&nbsp;,0,,110,2,Bus,"62,N1",2681645,1253124,POINT (47.42385832181044 8.520685552452035),11
8503093,11612,,,Zürich Manegg,Zürich,S-Bahn,"<IMG SRC=""../gisbrowser/_img/ZVV/HstTyp4.gif"" ALT=""S-Bahn Haltestelle"">",4,,110,1,Bahn,"S4,SN4",2681700,1243608,POINT (47.33827047492894 8.519677083664543),2
8591268,1612,,,"Zürich, Manegg",Zürich,Bus,&nbsp;,0,,110,2,Bus,"70,N12",2681753,1243464,POINT (47.33696884186837 8.520352025165618),2
8591366,2771,,,"Zürich, Sihlcity Nord",Zürich,"Bus,Tram,Trolleybus",&nbsp;,2,,110,3,Bus Tram,"5,10,13,72,200,210,N12",2681920,1246034,POINT (47.36006132799534 8.523031312376425),3
8591306,2014,,,"Zürich, Quellenstrasse",Zürich,"Bus,Tram",&nbsp;,2,,110,3,Bus Tram,"4,6,13,N1,N4,N5,N7,N13",2682311,1249006,POINT (47.38674097461022 8.528752953773671),5
8591290,1744,,,"Zürich, Nordheimstrasse",Zürich,Bus,&nbsp;,0,,110,2,Bus,40,2682418,1250876,POINT (47.4035451205281 8.530514465508066),10
8591388,2612,,,"Zürich, Sunnau",Zürich,Bus,&nbsp;,0,,110,2,Bus,"184,185,N12",2682468,1242375,POINT (47.32708588608844 8.529611117905688),2
8591279,1660,,,"Zürich, Morgental",Zürich,"Bus,Tram,Trolleybus",&nbsp;,2,,110,3,Bus Tram,"7,66,70,72,184,185,N12",2682482,1244250,POINT (47.34394693049197 8.530141302223567),2
8591257,1557,,,"Zürich, Limmatplatz",Zürich,"Bus,Tram,Trolleybus",&nbsp;,2,,110,3,Bus Tram,"4,6,13,32,N1,N4,N5,N7,N13",2682531,1248771,POINT (47.38460001265308 8.531622912898953),5
8503090,12551,,,Zürich Selnau,Zürich,S-Bahn,"<IMG SRC=""../gisbrowser/_img/ZVV/HstTyp4.gif"" ALT=""S-Bahn Haltestelle"">",4,,110,1,Bahn,"S4,SN4,S10",2682551,1247379,POINT (47.37207873246499 8.531630992655243),4
8591100,547,,,"Zürich, Brunaustrasse",Zürich,"Bus,Tram",&nbsp;,2,,110,3,Bus Tram,"7,N15",2682620,1245607,POINT (47.35613376183272 8.53221751479543),2
8503009,13044,,,Zürich Wollishofen,Zürich,S-Bahn,"<IMG SRC=""../gisbrowser/_img/ZVV/HstTyp4.gif"" ALT=""S-Bahn Haltestelle"">",4,,110,1,Bahn,"S8,SN8,S24",2682756,1244676,POINT (47.3477438081188 8.533845453117573),2
8503044,13035,,,Zürich HB Sihlpost,Zürich,,&nbsp;,0,,,99,,,2682831,1248060,POINT (47.37816808517616 8.535463836324125),4
8591384,2582,,,"Zürich, Stockerstrasse",Zürich,Tram,&nbsp;,2,,110,5,Tram,"7,8,10,13",2682843,1246915,POINT (47.36786915525177 8.535410816802433),2
8587347,2109,,,"Zürich, Rote Fabrik",Zürich,Bus,&nbsp;,0,,110,2,Bus,"161,165,N15",2682935,1244129,POINT (47.34280189447428 8.536112850462484),2
8591262,1608,,,"Zürich, Löwenplatz",Zürich,"Tram,Trolleybus",&nbsp;,2,,110,3,Bus Tram,"3,14,31",2682983,1247811,POINT (47.37590961096378 8.537430173643754),1
8591299,1861,,,"Zürich, Paradeplatz",Zürich,"Bus,Tram",&nbsp;,2,,110,3,Bus Tram,"2,7,8,9,10,11,13,N1,N4,N6,N14",2683104,1247126,POINT (47.36973389876288 8.538904994765721),1
8591168,1061,,,"Zürich, Guggachstrasse",Zürich,Tram,&nbsp;,2,,110,5,Tram,"7,14",2683157,1250015,POINT (47.39570899300161 8.540143493965511),6
8591324,2128,,,"Zürich, Röslistrasse",Zürich,"Bus,Tram",&nbsp;,2,,110,3,Bus Tram,"7,15,N6",2683195,1249232,POINT (47.38866242501427 8.540501156796882),6
8503447,2585,,,"Zürich Storchen, Schiffst.",Zürich,Schiff,"<IMG SRC=""../gisbrowser/_img/ZVV/HstTyp1.gif"" ALT=""Schiffsstation"">",1,,110,4,Schiff,3734,2683333,1247286,POINT (47.37114392076754 8.54196629125858),1
8591378,2461,,,"Zürich, Stadtgrenze",Zürich,Bus,&nbsp;,0,,110,2,Bus,"161,165,N15",2683352,1243272,POINT (47.3350419110433 8.541470955291036),2
8591207,1303,,,"Zürich, Im Ebnet",Zürich,Bus,&nbsp;,0,,110,2,Bus,"742,N6",2683372,1253998,POINT (47.43150194811583 8.543734029723577),11
8588078,619,,,"Zürich, Central",Zürich,"Bus,Tram,Trolleybus",&nbsp;,2,,110,3,Bus Tram,"3,4,6,7,10,15,31,46,N2,N5,N6,N7,N8,N13",2683475,1247918,POINT (47.37680975491612 8.543964002903373),1
8591255,1550,,,"Zürich, Letzistrasse",Zürich,"Bus,Tram",&nbsp;,2,,110,3,Bus Tram,"9,10,39,N11",2683569,1249462,POINT (47.39068354963565 8.54549690992288),6
8591362,2367,,,"Zürich, Seilbahn Rigiblick",Zürich,"Bus,Standseilbahn,Tram,Trolleybus",&nbsp;,2,,110,10,Bergbahn Bus Tram,"9,10,23,33,N11",2683788,1248950,POINT (47.38605115144772 8.548301288807528),6
8591336,2314,,,"Zürich, Schäppiweg",Zürich,Bus,&nbsp;,0,,110,2,Bus,39,2683978,1249363,POINT (47.38974119803544 8.550894808988163),6
8591319,2069,,,"Zürich, Riedgraben",Zürich,Bus,&nbsp;,0,,110,2,Bus,"61,62,94,N11",2684543,1251713,POINT (47.41080310735013 8.558821389532197),12
8591152,908,,,"Zürich, Frohburg",Zürich,Bus,&nbsp;,0,,110,2,Bus,"75,N11",2684824,1250979,POINT (47.40416593063278 8.562404867275665),12
8591185,1160,,,"Zürich, Herbstweg",Zürich,Bus,&nbsp;,0,,110,2,Bus,"61,62,N11",2684996,1251501,POINT (47.40883822548572 8.564782517869975),12
8591394,2667,,,"Zürich, Titlisstrasse",Zürich,Zahnradbahn,&nbsp;,0,,110,6,Bergbahn,25,2685064,1247287,POINT (47.37093173937953 8.564882057017039),7
8591198,3470,,,"Zürich, Hölderlinsteig",Zürich,Trolleybus,&nbsp;,0,,110,2,Bus,33,2685074,1246831,POINT (47.36682948348142 8.564927788452479),7
8591136,872,,,"Zürich, Frankental",Zürich,"Bus,Tram",&nbsp;,2,,110,3,Bus Tram,"13,89,304,308,485,N4",2678725,1251040,POINT (47.4054718313676 8.481623650894052),10
8591428,2872,,,"Zürich, Werdhölzli",Zürich,"Bus,Tram",&nbsp;,2,,110,3,Bus Tram,"6,307",2678766,1250191,POINT (47.39783154474259 8.482017237033801),9
8591068,592,,,"Zürich, Bändliweg",Zürich,"Bus,Tram",&nbsp;,2,,110,3,Bus Tram,"6,78,307",2678994,1250030,POINT (47.39635630419836 8.485008699563625),9
8591436,6015,,,"Zürich, Winzerstrasse Süd",Zürich,Bus,&nbsp;,0,,110,2,Bus,"80,89,304,308",2679068,1250811,POINT (47.4033712589033 8.486126899742132),10
8573711,3156,,,"Zürich, Sädlenweg",Zürich,Bus,&nbsp;,0,,110,2,Bus,"215,220,235,236,245,350",2679222,1246853,POINT (47.3677567900086 8.487466084917756),9
8591163,1007,,,"Zürich, Goldackerweg",Zürich,Bus,&nbsp;,0,,110,2,Bus,80,2679251,1247313,POINT (47.37189029721753 8.487931404438706),9
8503001,13022,,,Zürich Altstetten,Zürich,S-Bahn,"<IMG SRC=""../gisbrowser/_img/ZVV/HstTyp4.gif"" ALT=""S-Bahn Haltestelle"">",4,,110,1,Bahn,"SN1,S5,SN5,S11,S12,S14,S19,S42",2679309,1249511,POINT (47.39165087983598 8.489088787709383),9
8591143,895,,,"Zürich, Friedhof Hönggerberg",Zürich,Bus,&nbsp;,0,,110,2,Bus,38,2679664,1251438,POINT (47.40893827070777 8.4941335495354),10
8591402,2707,,,"Zürich, Tüffenwies",Zürich,"Bus,Tram",&nbsp;,2,,110,3,Bus Tram,"6,80,89,304,308,485",2679724,1250214,POINT (47.39792313595514 8.494710188010378),9
8591265,1592,,,"Zürich, Letzibach",Zürich,"Bus,Trolleybus",&nbsp;,0,,110,2,Bus,"31,83,N2",2679735,1249231,POINT (47.38908130320301 8.494680659782228),9
8591441,2998,,,"Zürich, Zielweg",Zürich,Bus,&nbsp;,0,,110,2,Bus,73,2680000,1245870,POINT (47.35882223041006 8.497589378293409),3
8580912,2160,,,"Zürich, Schaufelbergerstrasse",Zürich,"Bus,Tram",&nbsp;,2,,110,3,Bus Tram,"9,14,89,215,220,235,236,245,350,N5",2680301,1246994,POINT (47.3688942784303 8.501774800974934),3
8591033,7,,,"Zürich, Aargauerstrasse",Zürich,Tram,&nbsp;,2,,110,5,Tram,4,2680319,1249583,POINT (47.39217603157453 8.502477743155104),5
8591213,1316,,,"Zürich, Im Wingert",Zürich,Bus,&nbsp;,0,,110,2,Bus,69,2680785,1250618,POINT (47.40142717322123 8.508836260173377),10
8591153,914,,,"Zürich, Fronwald",Zürich,Bus,&nbsp;,0,,110,2,Bus,"62,N1",2680845,1252902,POINT (47.42196054008556 8.510044111802305),11
8591038,48,,,"Zürich, Albisriederplatz",Zürich,"Bus,Tram,Trolleybus",&nbsp;,2,,110,3,Bus Tram,"2,3,33,72,83,N5,N14",2680938,1248039,POINT (47.37821447654032 8.510396300947964),4
8591448,3019,,,"Zürich, Zypressenstrasse",Zürich,"Bus,Tram",&nbsp;,2,,110,3,Bus Tram,"2,3,N14",2681195,1247873,POINT (47.37668995219742 8.513768924124077),4
8591270,1615,,,"Zürich, Marbachweg",Zürich,Bus,&nbsp;,0,,110,2,Bus,"70,N12",2681387,1242723,POINT (47.33034991960243 8.515375331591622),2
8591060,3029,,,"Zürich, Bahnhof Hardbrücke",Zürich,"Bus,Tram,Trolleybus",&nbsp;,2,,110,3,Bus Tram,"8,33,72,83,N5,N8",2681433,1248823,POINT (47.38520430124577 8.517092875687204),4
8591349,2294,,,"Zürich, Schwamendingerplatz",Zürich,"Bus,Tram",&nbsp;,2,,110,3,Bus Tram,"7,9,61,62,75,79,N11",2685539,1251037,POINT (47.40459505635997 8.571887240086872),12
8591188,1179,,,"Zürich, Herzogenmühlestrasse",Zürich,Bus,&nbsp;,0,,110,2,Bus,"61,62,79,N11",2685596,1251364,POINT (47.40752843574672 8.57270490629862),12
8591360,3767,,,"Zürich, Segeten",Zürich,Bus,&nbsp;,0,,110,2,Bus,91,2687310,1245632,POINT (47.35575405173076 8.594292402638994),7
8591162,3444,,,"Zürich, Glockenacker",Zürich,Bus,&nbsp;,0,,110,2,Bus,"701,703,704,N16,N19",2687650,1246213,POINT (47.36093404387823 8.598905816402144),7
8591302,1441,,,"Zürich, Pflegezentr. Käferberg",Zürich,Bus,&nbsp;,0,,110,2,Bus,"38,69",2681457,1250430,POINT (47.39965365746478 8.51770331901117),10
8591329,2550,,,"Zürich, Saalsporthalle",Zürich,"Bus,Tram",&nbsp;,2,,110,3,Bus Tram,"5,10,13,89,200,210,444,445",2681725,1245787,POINT (47.35786415457694 8.520405281159849),3
8591269,1614,,,"Zürich, Manesseplatz",Zürich,"Bus,Trolleybus",&nbsp;,0,,110,2,Bus,"72,76,N5",2681806,1246639,POINT (47.3655165127399 8.521632963322986),3
8580522,799,,,"Zürich, Escher-Wyss-Platz",Zürich,"Bus,Tram,Trolleybus",&nbsp;,2,,110,3,Bus Tram,"4,6,8,13,33,72,83,N1,N4,N5,N7,N8,N13",2681874,1249415,POINT (47.39047371292791 8.523040908938016),5
8591052,1234,,,"Zürich, Bäckeranlage",Zürich,"Bus,Tram,Trolleybus",&nbsp;,2,,110,3,Bus Tram,"8,31,N2,N8",2681896,1248103,POINT (47.37867167821752 8.523092126237119),4
8591227,1386,,,"Zürich, Kernstrasse",Zürich,Trolleybus,&nbsp;,0,,110,2,Bus,32,2681991,1247641,POINT (47.37450491765316 8.524265323840414),4
8591285,1705,,,"Zürich, Neuaffoltern",Zürich,"Bus,Trolleybus",&nbsp;,0,,110,2,Bus,"32,61,62,N1",2681991,1251793,POINT (47.41184527590244 8.52502638980331),11
8591204,1288,,,"Zürich, Hügelstrasse",Zürich,"Bus,Trolleybus",&nbsp;,0,,110,2,Bus,"66,72",2682222,1245869,POINT (47.35853980779979 8.526998197043749),2
8507183,7039,,,"Zürich, Kantonsschule Enge",Zürich,Bus,&nbsp;,0,,110,2,Bus,66,2682252,1246503,POINT (47.36423789672502 8.527511699721854),2
8591392,2659,,,"Zürich, Thujastrasse",Zürich,"Bus,Trolleybus",&nbsp;,0,,110,2,Bus,"66,72,N12",2682296,1244941,POINT (47.35018465677268 8.527807122145052),2
8503010,13026,,,Zürich Enge,Zürich,S-Bahn,"<IMG SRC=""../gisbrowser/_img/ZVV/HstTyp4.gif"" ALT=""S-Bahn Haltestelle"">",4,,110,1,Bahn,"S2,S8,SN8,S24",2682489,1246493,POINT (47.36411834216388 8.530646958089433),2
8585407,6700,,,"Zürich, Bhf Enge Pausenplatz",Zürich,,&nbsp;,0,,,99,,,2682541,1246670,POINT (47.36570366531475 8.531367892772087),2
8591283,1666,,,"Zürich, Museum Rietberg",Zürich,"Bus,Tram",&nbsp;,2,,110,3,Bus Tram,"7,N15",2682563,1246116,POINT (47.36071855821103 8.531556965928862),2
8591064,2551,,,"Zürich, Bahnhof Selnau",Zürich,Tram,&nbsp;,2,,110,5,Tram,8,2682582,1247223,POINT (47.37067187924964 8.532012613395421),1
8591251,1547,,,"Zürich, Lettenstrasse",Zürich,Trolleybus,&nbsp;,0,,110,2,Bus,46,2682606,1249436,POINT (47.39057118768964 8.532738829849894),10
8591292,1753,,,"Zürich, Nürenbergstrasse",Zürich,Trolleybus,&nbsp;,0,,110,2,Bus,33,2682656,1249624,POINT (47.39225566251366 8.533435730404136),10
8591430,2889,,,"Zürich, Widmerstrasse",Zürich,Bus,&nbsp;,0,,110,2,Bus,66,2682701,1243456,POINT (47.3367786788558 8.532892526332855),2
8502495,7022,,,"Zürich, Bahnhof Wollishofen",Zürich,Bus,&nbsp;,0,,110,2,Bus,"70,184,185",2682715,1244718,POINT (47.34812667848099 8.533310669664177),2
8591352,3477,,,"Zürich, Schweizer Rück",Zürich,Bus,&nbsp;,0,,110,2,Bus,"161,165,N15",2682859,1246017,POINT (47.35979106512198 8.53545645384653),2
8591314,2045,,,"Zürich, Regensbergbrücke",Zürich,"Bus,Tram",&nbsp;,2,,110,3,Bus Tram,"11,61,62",2683071,1251472,POINT (47.40882307391588 8.53927514882791),11
8591224,1483,,,"Zürich, Käshaldenstrasse",Zürich,Bus,&nbsp;,0,,110,2,Bus,"75,N6",2683170,1253823,POINT (47.42995369075374 8.541024253272472),11
8503446,3031,,,"Zürich Landesmuseum, Schiffst.",Zürich,Schiff,"<IMG SRC=""../gisbrowser/_img/ZVV/HstTyp1.gif"" ALT=""Schiffsstation"">",1,,110,4,Schiff,3734,2683288,1248172,POINT (47.37911773180328 8.541535426985229),1
8591298,1856,,,"Zürich, Ottikerstrasse",Zürich,"Bus,Tram",&nbsp;,2,,110,3,Bus Tram,"7,15,N6",2683345,1248848,POINT (47.38519002512766 8.542416035895727),6
8591327,2113,,,"Zürich, Rudolf-Brun-Brücke",Zürich,Tram,&nbsp;,2,,110,5,Tram,"4,15",2683401,1247599,POINT (47.37395024300353 8.542924817675837),1
8503006,13034,,,Zürich Oerlikon,Zürich,S-Bahn,"<IMG SRC=""../gisbrowser/_img/ZVV/HstTyp4.gif"" ALT=""S-Bahn Haltestelle"">",4,,110,1,Bahn,"S2,S3,S6,SN6,S7,SN7,S8,SN8,S9,SN9,S14,S15,S16,S19,S21,S24",2683453,1251820,POINT (47.41190442949001 8.544400764590646),11
8591406,1334,,,"Zürich, Universität Irchel",Zürich,"Bus,Tram",&nbsp;,2,,110,3,Bus Tram,"9,10,39",2683510,1250070,POINT (47.39615896412023 8.544829072592401),6
8591127,845,,,"Zürich, Felsenrainstrasse",Zürich,"Bus,Tram",&nbsp;,2,,110,3,Bus Tram,"14,768,N6,N7",2683519,1252357,POINT (47.41672543662088 8.545375516115913),11
8505333,7055,,,"Zürich Bellevue, Schiffstation",Zürich,Schiff,"<IMG SRC=""../gisbrowser/_img/ZVV/HstTyp1.gif"" ALT=""Schiffsstation"">",1,,110,4,Schiff,,2683527,1246727,POINT (47.36609206060749 8.544430249860536),1
8591073,465,,,"Zürich, Berninaplatz",Zürich,"Bus,Tram",&nbsp;,2,,110,3,Bus Tram,"10,14,N6",2683737,1250915,POINT (47.40372947130433 8.547993828986206),11
8591048,128,,,"Zürich, Ausserdorfstrasse",Zürich,Bus,&nbsp;,0,,110,2,Bus,"75,742,N6",2683747,1253226,POINT (47.42451158949882 8.548559324271897),11
8591393,2666,,,"Zürich, Tierspital",Zürich,"Bus,Tram",&nbsp;,2,,110,3,Bus Tram,"7,9,N11",2684027,1250716,POINT (47.40190287308427 8.551797911264643),11
8591294,6459,,,"Zürich, Oerlikerhus",Zürich,Tram,&nbsp;,2,,110,5,Tram,"10,11",2684184,1252462,POINT (47.41758503517146 8.554206352565279),11
8503653,3046,,,"Zürichhorn, Schiffstation",Zürich,Schiff,"<IMG SRC=""../gisbrowser/_img/ZVV/HstTyp1.gif"" ALT=""Schiffsstation"">",1,,110,4,Schiff,"3730,3732,3734",2684211,1245166,POINT (47.35196633224786 8.55319092955466),8
8591202,1251,,,"Zürich, Hottingerplatz",Zürich,"Bus,Tram",&nbsp;,2,,110,3,Bus Tram,"3,N16,N19",2684277,1247110,POINT (47.36944103630283 8.55443018035518),7
8591377,2452,,,"Zürich, Spyristeig",Zürich,Bus,&nbsp;,0,,110,2,Bus,39,2684384,1248981,POINT (47.38625387215964 8.55619941057811),6
8591119,788,,,"Zürich, Englischviertelstrasse",Zürich,Tram,&nbsp;,2,,110,5,Tram,8,2684564,1246813,POINT (47.36673324263975 8.558173371381701),7
8591238,1471,,,"Zürich, Krönleinstrasse",Zürich,Bus,&nbsp;,0,,110,2,Bus,39,2684752,1248757,POINT (47.38419213142007 8.561030076840266),7
8505332,7056,,,"Zürich Tiefenbrunnen, Schiff",Zürich,,&nbsp;,0,,110,99,,,2684761,1244937,POINT (47.34983635338564 8.560426078570115),8
8591199,1278,,,"Zürich, Hölderlinstrasse",Zürich,"Bus,Tram",&nbsp;,2,,110,3,Bus Tram,"3,8,N16,N19",2684883,1246749,POINT (47.36611665732216 8.562383922551597),7
8591413,3588,,,"Zürich, Vulkanstrasse",Zürich,Bus,&nbsp;,0,,110,2,Bus,307,2678927,1249806,POINT (47.39434981411978 8.484081770682383),9
8591435,2935,,,"Zürich, Winzerstrasse",Zürich,"Bus,Tram",&nbsp;,2,,110,3,Bus Tram,"13,80,N4",2679086,1250855,POINT (47.40376480614164 8.486373119837761),10
8591097,542,,,"Zürich, Bristenstrasse",Zürich,Bus,&nbsp;,0,,110,2,Bus,"78,80,83,89",2679158,1249334,POINT (47.39007720862444 8.487057680460563),9
8591070,427,,,"Zürich, Baslerstrasse",Zürich,Bus,&nbsp;,0,,110,2,Bus,"83,89",2679393,1249191,POINT (47.38876287180276 8.490144461970388),9
8591344,3155,,,"Zürich, Schulhaus Altweg",Zürich,"Bus,Trolleybus",&nbsp;,0,,110,2,Bus,"33,N14",2679724,1247362,POINT (47.37227392304337 8.494202034589685),9
8591896,6648,,,"Zürich, Würzgraben",Zürich,Tram,&nbsp;,2,,110,5,Tram,4,2679743,1249566,POINT (47.39209312284824 8.49484631855162),9
8591275,1641,,,"Zürich, Michelstrasse",Zürich,Bus,&nbsp;,0,,110,2,Bus,38,2679779,1251149,POINT (47.40632527145785 8.495605487321038),10
8591331,2147,,,"Zürich, Sackzelg",Zürich,"Bus,Trolleybus",&nbsp;,0,,110,2,Bus,"33,67,N14",2679820,1247598,POINT (47.37438475465388 8.495515039579733),9
8591200,1239,,,"Zürich, Holzerhurd",Zürich,"Bus,Trolleybus",&nbsp;,0,,110,2,Bus,"32,N1",2679829,1253093,POINT (47.42380223702725 8.496615069673446),11
8591253,3148,,,"Zürich, Letzipark",Zürich,"Bus,Trolleybus",&nbsp;,0,,110,2,Bus,"31,N2",2680079,1249090,POINT (47.38777150861997 8.499211000342713),9
8591146,898,,,"Zürich, Friedhof Uetliberg",Zürich,Bus,&nbsp;,0,,110,2,Bus,73,2680228,1245860,POINT (47.35870458411313 8.500605266347172),3
8591178,2447,,,"Zürich, Hardturm",Zürich,"Bus,Tram",&nbsp;,2,,110,3,Bus Tram,"6,8,N13",2680469,1249806,POINT (47.39416324772488 8.504504417502101),9
8591190,1187,,,"Zürich, Heuried",Zürich,"Bus,Tram",&nbsp;,2,,110,3,Bus Tram,"9,14,N5",2680646,1247056,POINT (47.36940974344697 8.506353053027187),3
8591122,735,,,"Zürich, ETH Hönggerberg",Zürich,Bus,&nbsp;,0,,110,2,Bus,"37,69,80,N8",2680689,1251423,POINT (47.40867857706328 8.507709920258362),10
8591209,1307,,,"Zürich, Im Hagacker",Zürich,"Bus,Trolleybus",&nbsp;,0,,110,2,Bus,"32,89,N5",2680764,1245930,POINT (47.35926866939358 8.507712057979242),3
8591186,1162,,,"Zürich, Herdernstrasse",Zürich,"Bus,Trolleybus",&nbsp;,0,,110,2,Bus,"31,N2",2680835,1248773,POINT (47.38482827611982 8.509165142950581),4
8591405,2722,,,"Zürich, Uetlihof",Zürich,"Bus,Tram",&nbsp;,2,,110,3,Bus Tram,"10,13,89,N5",2681240,1245655,POINT (47.35673697269861 8.513962283820918),3
8591312,2035,,,"Zürich, Rebbergsteig",Zürich,"Bus,Trolleybus",&nbsp;,0,,110,2,Bus,"46,N8",2681250,1250135,POINT (47.39702618925111 8.514907894268427),10
8591308,2120,,,"Zürich, Räffelstrasse",Zürich,Bus,&nbsp;,0,,110,2,Bus,76,2681284,1246324,POINT (47.36274816679531 8.514666035858596),3
8591370,2398,,,"Zürich, Sihlweidstrasse",Zürich,Bus,&nbsp;,0,,110,2,Bus,"70,N12",2681339,1242285,POINT (47.32641667369835 8.514660918754942),2
8591135,927,,,"Zürich, Förrlibuckstrasse",Zürich,"Bus,Tram",&nbsp;,2,,110,3,Bus Tram,"6,8,N13",2681427,1249602,POINT (47.39221087589195 8.517155208536019),5
8591403,2688,,,"Zürich, Tulpenstrasse",Zürich,Bus,&nbsp;,0,,110,2,Bus,"61,62,N11",2685283,1251203,POINT (47.40612113565875 8.568527761614195),12
8591389,2618,,,"Zürich, Susenbergstrasse",Zürich,"Bus,Tram",&nbsp;,2,,110,3,Bus Tram,"6,N17",2685288,1248136,POINT (47.37853811726844 8.568009205966387),7
8591421,2815,,,"Zürich, Waldhaus Dolder",Zürich,Zahnradbahn,&nbsp;,0,,110,6,Bergbahn,25,2685332,1247542,POINT (47.37319038861534 8.568478526301723),7
8591442,3005,,,"Zürich, Zoo",Zürich,"Bus,Tram",&nbsp;,2,,110,3,Bus Tram,"6,39,N17",2685551,1248477,POINT (47.38157073678912 8.571556559418267),7
8503084,459,,,"Zürich, Bergstation Dolderbahn",Zürich,Zahnradbahn,&nbsp;,0,,110,6,Bergbahn,25,2685802,1247551,POINT (47.37321029598426 8.574702501371961),7
8591159,998,,,"Zürich, Glattwiesen",Zürich,"Bus,Tram",&nbsp;,2,,110,3,Bus Tram,"7,N11",2686289,1250715,POINT (47.40160139452376 8.581760064314546),12
8591438,3773,,,"Zürich, Buchzelgstrasse",Zürich,Bus,&nbsp;,0,,110,2,Bus,91,2686621,1246003,POINT (47.35918148647323 8.585245603577077),7
8591396,2671,,,"Zürich, Tobelhof",Zürich,Bus,&nbsp;,0,,110,2,Bus,"751,N17",2686638,1248661,POINT (47.38308345218007 8.585985027530839),7
8591305,2008,,,"Zürich, Probstei",Zürich,"Bus,Tram",&nbsp;,2,,110,3,Bus Tram,"7,N11",2686656,1250567,POINT (47.40022221062814 8.58659261528762),12
8503094,12547,,,Zürich Leimbach,Zürich,S-Bahn,"<IMG SRC=""../gisbrowser/_img/ZVV/HstTyp4.gif"" ALT=""S-Bahn Haltestelle"">",4,,110,1,Bahn,"S4,SN4",2681659,1243067,POINT (47.33341006622864 8.519036090818286),2
8591206,1292,,,"Zürich, Hürstholz",Zürich,Bus,&nbsp;,0,,110,2,Bus,40,2681820,1252351,POINT (47.41688479914399 8.52286303451282),11
8503087,12550,,,Zürich Saalsporthalle,Zürich,S-Bahn,"<IMG SRC=""../gisbrowser/_img/ZVV/HstTyp4.gif"" ALT=""S-Bahn Haltestelle"">",4,,110,1,Bahn,"S4,SN4",2681864,1245725,POINT (47.35728931233173 8.522233634790744),3
8591437,2937,,,"Zürich, Wipkingerplatz",Zürich,"Bus,Tram",&nbsp;,2,,110,3,Bus Tram,"13,N4",2681911,1249651,POINT (47.39259154362905 8.523574123303236),10
8591079,478,,,"Zürich, Bezirksgebäude",Zürich,"Bus,Tram",&nbsp;,2,,110,3,Bus Tram,"2,3,N14",2682089,1247605,POINT (47.37416895423449 8.525556170703762),4
8591184,1158,,,"Zürich, Helvetiaplatz",Zürich,"Tram,Trolleybus",&nbsp;,2,,110,3,Bus Tram,"8,32",2682099,1247845,POINT (47.37632612215483 8.525732583110232),4
8591277,1644,,,"Zürich, Militär-/Langstrasse",Zürich,"Bus,Trolleybus",&nbsp;,0,,110,2,Bus,"31,32,N2,N8",2682237,1248211,POINT (47.3796004905392 8.527626915877889),4
8503015,13043,,,Zürich Wipkingen,Zürich,S-Bahn,"<IMG SRC=""../gisbrowser/_img/ZVV/HstTyp4.gif"" ALT=""S-Bahn Haltestelle"">",4,,110,1,Bahn,S24,2682335,1249614,POINT (47.39220592983051 8.529182668560109),10
8591322,2127,,,"Zürich, Röntgenstrasse",Zürich,Trolleybus,&nbsp;,0,,110,2,Bus,32,2682357,1248472,POINT (47.38193277149291 8.529263812628558),5
8591066,3043,,,"Zürich, Bahnhof Wipkingen",Zürich,Trolleybus,&nbsp;,0,,110,2,Bus,"33,46",2682379,1249744,POINT (47.39336956234587 8.529789331505958),10
8591086,498,,,"Zürich, Birchdörfli",Zürich,"Bus,Trolleybus",&nbsp;,0,,110,2,Bus,"32,N1",2682418,1251320,POINT (47.40753814504811 8.530596313503029),6
8591219,1358,,,"Zürich, Kanonengasse",Zürich,"Bus,Trolleybus",&nbsp;,0,,110,2,Bus,"31,N2,N8",2682441,1248088,POINT (47.37846881208593 8.530305326221375),4
8591267,3788,,,"Zürich, Maillartstrasse",Zürich,Bus,&nbsp;,0,,110,2,Bus,64,2682518,1252285,POINT (47.41620413554112 8.532099209907285),11
8591101,564,,,"Zürich, Bucheggplatz",Zürich,"Bus,Tram,Trolleybus",&nbsp;,2,,110,3,Bus Tram,"11,15,32,40,69,72,83,N1,N7",2682635,1250304,POINT (47.39837375686217 8.533283247999078),6
8591081,3044,,,"Zch, Bhf.Wollishofen/Staubstr.",Zürich,"Bus,Tram",&nbsp;,2,,110,3,Bus Tram,"7,70,184,185,N15",2682687,1244596,POINT (47.34703298955535 8.532917639939964),2
8591307,2017,,,"Zürich, Radiostudio",Zürich,"Bus,Tram,Trolleybus",&nbsp;,2,,110,3,Bus Tram,"11,32,40,N1,N7",2682773,1250707,POINT (47.40198073105316 8.535185679010654),6
8591387,3522,,,"Zürich, Sukkulentensammlung",Zürich,Bus,&nbsp;,0,,110,2,Bus,"161,165,N15",2682779,1245475,POINT (47.35492668063739 8.534297436489545),2
8591088,3449,,,"Zürich, Birchstrasse",Zürich,Bus,&nbsp;,0,,110,2,Bus,80,2682806,1251938,POINT (47.41304731604373 8.5358508113117),11
8591291,1745,,,"Zürich, Nordstrasse",Zürich,Trolleybus,&nbsp;,0,,110,2,Bus,"32,46",2682868,1249190,POINT (47.3883259205105 8.536162991482056),6
8591246,1522,,,"Zürich, Laubiweg",Zürich,Tram,&nbsp;,2,,110,5,Tram,"11,15",2682871,1249931,POINT (47.39498959937028 8.536339996768506),6
8591289,3804,,,"Zürich, Neunbrunnen",Zürich,Bus,&nbsp;,0,,110,2,Bus,"64,75,N6",2682980,1252334,POINT (47.41658674236648 8.538229631541892),11
8591368,2395,,,"Zürich, Sihlquai/HB",Zürich,"Bus,Tram",&nbsp;,2,,110,3,Bus Tram,"4,6,13,N1,N4,N5,N7,N13",2682990,1248252,POINT (47.37987480303157 8.537604625208459),5
8591357,2834,,,"Zürich, Seerose",Zürich,Bus,&nbsp;,0,,110,2,Bus,"161,165,N15",2683094,1243699,POINT (47.3389146857304 8.538136914714876),2
8591067,416,,,"Zürich, Bahnhofstrasse/HB",Zürich,"Bus,Tram",&nbsp;,2,,110,3,Bus Tram,"7,10,11,13,N1,N4,N6",2683135,1247848,POINT (47.37622320537186 8.539449463866212),1
8591272,3764,,,"Zürich, Max-Bill-Platz",Zürich,Bus,&nbsp;,0,,110,2,Bus,"64,75,80,N6,N7",2683218,1252055,POINT (47.41404758677798 8.541331111222705),11
8530822,6453,,,"Zürich Limmatquai, Schiffst.",Zürich,Schiff,"<IMG SRC=""../gisbrowser/_img/ZVV/HstTyp1.gif"" ALT=""Schiffsstation"">",1,,110,4,Schiff,3734,2683379,1247501,POINT (47.37307167706157 8.542615303234957),1
8591174,1100,,,"Zürich, Haldenegg",Zürich,"Bus,Tram",&nbsp;,2,,110,3,Bus Tram,"6,7,10,15,N6",2683505,1248226,POINT (47.37957590615851 8.544418664618748),6
8576193,440,,,"Zürich, Bellevue",Zürich,"Bus,Tram",&nbsp;,2,,110,3,Bus Tram,"2,4,5,8,9,11,15,912,916,N1,N2,N4,N5,N6,N7,N8,N11,N12,N13,N14,N15,N16,N17,N18,N19",2683575,1246839,POINT (47.3670932341815 8.545086538171439),1
8591355,1275,,,"Zürich, Seebacherplatz",Zürich,"Bus,Tram",&nbsp;,2,,110,3,Bus Tram,"14,40,75,768,N6,N7",2683738,1252713,POINT (47.41989921144194 8.54834391546771),11
8576195,1845,,,"Zürich, Opernhaus",Zürich,"Bus,Tram",&nbsp;,2,,110,3,Bus Tram,"2,4,912,916,N18",2683761,1246666,POINT (47.36551376530868 8.547516327471179),1
8591332,2151,,,"Zürich, Salersteig",Zürich,"Bus,Tram",&nbsp;,2,,110,3,Bus Tram,"10,14,N6",2683770,1251177,POINT (47.40608151163023 8.54848005255525),11
8591433,2924,,,"Zürich, Winkelriedstrasse",Zürich,"Bus,Tram",&nbsp;,2,,110,3,Bus Tram,"9,10,N11",2683786,1248632,POINT (47.38319152738347 8.548215256916045),6
8591354,2346,,,"Zürich, Seebach",Zürich,"Bus,Tram",&nbsp;,2,,110,3,Bus Tram,"14,40,75,742,768,N6,N7",2683843,1252933,POINT (47.42186435743162 8.549776500001355),11
8576194,769,,,"Zürich, Elektrowatt",Zürich,Bus,&nbsp;,0,,110,2,Bus,"912,916",2683992,1245766,POINT (47.35739031635374 8.550405271473384),8
8576197,832,,,"Zürich, Feldeggstrasse",Zürich,"Bus,Tram",&nbsp;,2,,110,3,Bus Tram,"2,4,912,916,N18",2684126,1246107,POINT (47.36043997429325 8.552242807786373),8
8591303,1889,,,"Zürich, Platte",Zürich,"Bus,Tram",&nbsp;,2,,110,3,Bus Tram,"5,6,N17",2684133,1247727,POINT (47.37500833676803 8.552639877612126),7
8591412,2788,,,"Zürich, Voltastrasse",Zürich,"Bus,Tram",&nbsp;,2,,110,3,Bus Tram,"5,6,N17",2684272,1247936,POINT (47.3768701827037 8.554519495596971),7
8591078,471,,,"Zürich, Bethanien",Zürich,Trolleybus,&nbsp;,0,,110,2,Bus,33,2684377,1248387,POINT (47.38091273757635 8.555994704249194),7
8576199,917,,,"Zürich, Fröhlichstrasse",Zürich,"Bus,Tram,Trolleybus",&nbsp;,2,,110,3,Bus Tram,"2,4,33,912,916,N18",2684486,1245526,POINT (47.35516876822839 8.556898066219215),8
8591189,1186,,,"Zürich, Heubeeriweg",Zürich,Bus,&nbsp;,0,,110,2,Bus,39,2685036,1248472,POINT (47.38159244278943 8.564736526594785),7
8591087,3445,,,"Zürich, Bircher-Benner",Zürich,Bus,&nbsp;,0,,110,2,Bus,751,2685050,1247821,POINT (47.37573598593863 8.564798182739201),7
8591180,1138,,,"Zürich, Hedwigsteig",Zürich,Tram,&nbsp;,2,,110,5,Tram,11,2685092,1246119,POINT (47.3604238884761 8.565030759542671),7
8591260,1581,,,"Zürich, Loogarten",Zürich,Bus,&nbsp;,0,,110,2,Bus,35,2678047,1249247,POINT (47.38942734023968 8.472329231436671),9
8591215,3153,,,"Zürich, Juchhof",Zürich,Bus,&nbsp;,0,,110,2,Bus,307,2678097,1250236,POINT (47.39831590835519 8.47316405897465),9
8591361,2366,,,"Zürich, Seidelhof",Zürich,Bus,&nbsp;,0,,,2,Bus,N2,2678903,1249536,POINT (47.39192446946009 8.483716281666622),9
8591037,3705,,,"Zürich, Albisriederdörfli",Zürich,Bus,&nbsp;,0,,110,2,Bus,"67,80,N13",2679041,1247691,POINT (47.37531504587499 8.485218017227343),9
8591167,1041,,,"Zürich, Grünaustrasse",Zürich,"Bus,Tram",&nbsp;,2,,110,3,Bus Tram,"6,78,N13",2679313,1249909,POINT (47.39522977053613 8.48921233189132),9
8591165,1026,,,"Zürich, Grimselstrasse",Zürich,Tram,&nbsp;,2,,110,5,Tram,2,2679391,1248991,POINT (47.38696443046559 8.49008248656207),9
8591371,2402,,,"Zürich, Singlistrasse",Zürich,"Bus,Trolleybus",&nbsp;,0,,110,2,Bus,"46,N4",2679621,1251012,POINT (47.40511230279712 8.493488022436095),10
8591281,6628,,,"Zürich, Mühlacker",Zürich,Bus,&nbsp;,0,,110,2,Bus,61,2679806,1253358,POINT (47.4261882492242 8.496357618651878),11
8591138,883,,,"Zürich, Freihofstrasse",Zürich,Tram,&nbsp;,2,,110,5,Tram,2,2680098,1248585,POINT (47.38322752984622 8.499372208482905),9
8576263,1259,,,"Zürich, Hungerbergstrasse",Zürich,"Bus,Trolleybus",&nbsp;,0,,110,2,Bus,"32,491,N1",2680203,1252797,POINT (47.42109476544332 8.50151803503798),11
8591243,1503,,,"Zürich, Langgrütstrasse",Zürich,Bus,&nbsp;,0,,110,2,Bus,67,2680240,1247532,POINT (47.37374017933183 8.5010637155314),9
8591250,3457,,,"Zürich, Lerchenrain",Zürich,Bus,&nbsp;,0,,110,2,Bus,37,2680815,1252049,POINT (47.4142929417506 8.509492321932807),11
8591145,897,,,"Zürich, Friedhof Sihlfeld",Zürich,Trolleybus,&nbsp;,0,,110,2,Bus,72,2680979,1247786,POINT (47.37593410642187 8.510893375911603),3
8591121,800,,,"Zürich, Eschergutweg",Zürich,"Bus,Tram",&nbsp;,2,,110,3,Bus Tram,"13,N4",2681035,1250048,POINT (47.39627025361897 8.512044476182027),10
8591083,489,,,"Zürich, Grubenstrasse",Zürich,,&nbsp;,0,,110,99,,,2681058,1246331,POINT (47.36283895414942 8.511675879834444),3
8591346,2289,,,"Zürich, Schumacherweg",Zürich,Bus,&nbsp;,0,,110,2,Bus,80,2681203,1251823,POINT (47.41221272077198 8.514591952088212),11
8591148,901,,,"Zürich, Friedrichstrasse",Zürich,Bus,&nbsp;,0,,110,2,Bus,"75,N11",2685327,1250961,POINT (47.40393907266173 8.569064445267095),12
8591142,894,,,"Zürich, Friedhof Enzenbühl",Zürich,Tram,&nbsp;,2,,110,5,Tram,11,2686259,1245085,POINT (47.35097306145027 8.580277629413274),8
8591261,1584,,,"Zürich, Loorenstrasse",Zürich,"Bus,Trolleybus",&nbsp;,0,,110,2,Bus,"31,701,703,704,N16,N19",2687321,1246089,POINT (47.35986254397256 8.594527081430035),7
8591065,2575,,,"Zürich, Bahnhof Stettbach",Zürich,"Bus,Tram",&nbsp;,2,,110,3,Bus Tram,"7,12,743,744,745,751,752,754,760,N11,N17",2687381,1250250,POINT (47.39727557109548 8.596133659390068),12
8591399,3769,,,"Zürich, Trichtenhausenfussweg",Zürich,Bus,&nbsp;,0,,110,2,Bus,91,2687638,1245464,POINT (47.354199644285 8.598600428308002),7
8591400,6416,,,"Zürich, Trichtisal",Zürich,Bus,&nbsp;,0,,110,2,Bus,91,2687825,1245435,POINT (47.35391394879008 8.601069508921311),7
8591160,1000,,,"Zürich, Glaubtenstrasse",Zürich,"Bus,Trolleybus",&nbsp;,0,,110,2,Bus,"32,40,61,62,80,N1",2681527,1252045,POINT (47.4141691976413 8.518925014023576),11
8591419,2803,,,"Zürich, Waidspital",Zürich,Bus,&nbsp;,0,,110,2,Bus,"38,69",2681760,1250380,POINT (47.39916644772033 8.521707575619669),10
8591218,1357,,,"Zürich,Kalkbreite/Bhf.Wiedikon",Zürich,"Bus,Tram,Trolleybus",&nbsp;,2,,110,3,Bus Tram,"2,3,32,N14",2681769,1247629,POINT (47.37442458249569 8.521324010581511),4
8591365,6463,,,"Zürich, Sihlcity",Zürich,Bus,&nbsp;,0,,110,2,Bus,"89,200,210,444,445",2681865,1245801,POINT (47.3579726898886 8.522260760637936),3
8591323,2104,,,"Zürich, Rosengartenstrasse",Zürich,"Bus,Trolleybus",&nbsp;,0,,110,2,Bus,"33,46,72,83,N1,N7,N8",2682051,1249846,POINT (47.39432782138152 8.52546402166135),10
8591280,3451,,,"Zürich, Mötteliweg",Zürich,Bus,&nbsp;,0,,110,2,Bus,80,2682096,1252029,POINT (47.4139546085646 8.526460835379302),11
8591266,1611,,,"Zürich, Maienweg",Zürich,Bus,&nbsp;,0,,110,2,Bus,40,2682100,1251350,POINT (47.40784766602726 8.526389121433406),11
8591410,2776,,,"Zürich, Verenastrasse",Zürich,Bus,&nbsp;,0,,110,2,Bus,"70,N12",2682127,1243898,POINT (47.34082554149223 8.525379548974225),2
8503086,12545,,,Zürich Brunau,Zürich,S-Bahn,"<IMG SRC=""../gisbrowser/_img/ZVV/HstTyp4.gif"" ALT=""S-Bahn Haltestelle"">",4,,110,1,Bahn,"S4,SN4",2682181,1245112,POINT (47.35173688366706 8.526316667926965),2
8591098,546,,,"Zürich, Brunau/Mutschellenstr.",Zürich,"Bus,Trolleybus",&nbsp;,0,,110,2,Bus,"66,72",2682220,1245497,POINT (47.35519449808425 8.526903441291939),2
8591077,470,,,"Zürich, Besenrainstrasse",Zürich,Trolleybus,&nbsp;,0,,110,2,Bus,72,2682307,1244418,POINT (47.34547970318564 8.527856615609887),2
8591108,3450,,,"Zürich, Chaletweg",Zürich,Bus,&nbsp;,0,,110,2,Bus,80,2682456,1251969,POINT (47.41337002915569 8.531219433191767),11
8591439,2950,,,"Zürich, Wollishoferplatz",Zürich,"Bus,Tram",&nbsp;,2,,110,3,Bus Tram,"7,184,185,N12",2682492,1243638,POINT (47.33844167246881 8.530160973388094),2
8591293,1821,,,"Zürich, Oberwiesenstrasse",Zürich,Bus,&nbsp;,0,,110,2,Bus,"61,62",2682581,1251649,POINT (47.41047651562491 8.532816428315856),11
8591304,2005,,,"Zürich, Post Wollishofen",Zürich,"Bus,Tram",&nbsp;,2,,110,3,Bus Tram,"7,70,184,185",2682694,1244311,POINT (47.34446897581185 8.53295767189516),2
8591234,6304,,,"Zürich, Köschenrüti",Zürich,Bus,&nbsp;,0,,110,2,Bus,"75,N6",2682875,1253718,POINT (47.42904660957128 8.537095124165656),11
8591144,896,,,"Zürich, Friedhof Schwandenholz",Zürich,Bus,&nbsp;,0,,110,2,Bus,40,2682932,1252863,POINT (47.42135021862499 8.537691820698468),11
8591103,573,,,"Zürich, Buhnstrasse",Zürich,Bus,&nbsp;,0,,110,2,Bus,"40,75,N6",2683025,1252965,POINT (47.42225580745142 8.538943107297586),11
8591316,2054,,,"Zürich, Rennweg",Zürich,Tram,&nbsp;,2,,110,5,Tram,"7,10,11,13",2683051,1247500,POINT (47.37310410482159 8.53827276237968),1
8591379,2474,,,"Zürich, Stampfenbachplatz",Zürich,"Tram,Trolleybus",&nbsp;,2,,110,3,Bus Tram,"11,14,46",2683379,1248304,POINT (47.38029334462351 8.542764894800257),6
8503499,6217,,,"Zürich, Central Polybahn",Zürich,Standseilbahn,&nbsp;,0,,110,6,Bergbahn,24,2683484,1247884,POINT (47.37650284052231 8.54407681926919),1
8591063,3447,,,"Zürich, Bahnhof Oerlikon Ost",Zürich,"Bus,Tram",&nbsp;,2,,110,3,Bus Tram,"10,14,75,768,781,787,N6,N78",2683578,1251982,POINT (47.413345482545 8.546087122891093),11
8594255,6776,,,"Zürich, Schanzackerstrasse",Zürich,Bus,&nbsp;,0,,110,2,Bus,39,2683713,1249613,POINT (47.39202325557218 8.547432195555395),6
8591123,736,,,"Zürich, ETH/Universitätsspital",Zürich,"Bus,Tram",&nbsp;,2,,110,3,Bus Tram,"6,9,10,N11",2683796,1247976,POINT (47.37729062422476 8.548224835759335),1
8503003,13039,,,Zürich Stadelhofen,Zürich,S-Bahn,"<IMG SRC=""../gisbrowser/_img/ZVV/HstTyp4.gif"" ALT=""S-Bahn Haltestelle"">",4,,110,1,Bahn,"SN1,S3,S5,SN5,S6,SN6,S7,SN7,S9,SN9,S11,S12,S15,S16",2683846,1246801,POINT (47.36671706282902 8.548666751380644),1
8591171,1087,,,"Zürich, Hadlaubstrasse",Zürich,Standseilbahn,&nbsp;,0,,110,6,Bergbahn,23,2684015,1249036,POINT (47.38679566673716 8.55132339109125),6
8591375,2450,,,"Zürich, Sprecherstrasse",Zürich,Trolleybus,&nbsp;,0,,110,2,Bus,31,2684116,1246891,POINT (47.36749205943332 8.552257724151412),7
8591124,3446,,,"Zürich, Ettenfeld",Zürich,Bus,&nbsp;,0,,110,2,Bus,"768,N7",2684132,1253336,POINT (47.42545175225286 8.553681924180026),11
8591140,888,,,"Zürich, Friedackerstrasse",Zürich,Bus,&nbsp;,0,,110,2,Bus,75,2684148,1251161,POINT (47.40588942747647 8.55348443037165),11
8591192,1194,,,"Zürich, Hinterbergstrasse",Zürich,Trolleybus,&nbsp;,0,,110,2,Bus,33,2684270,1248296,POINT (47.38010803912008 8.554560802582301),7
8591318,2067,,,"Zürich, Riedbach",Zürich,Bus,&nbsp;,0,,110,2,Bus,"781,787,N78",2684506,1252126,POINT (47.41452206199849 8.558409289933858),11
8591364,2388,,,"Zürich, Signaustrasse",Zürich,"Tram,Trolleybus",&nbsp;,2,,110,3,Bus Tram,"11,31",2684528,1246423,POINT (47.36323044801039 8.557623206786646),8
8576200,2907,,,"Zürich, Wildbachstrasse",Zürich,"Bus,Tram,Trolleybus",&nbsp;,2,,110,3,Bus Tram,"2,4,33,912,916,N18",2684637,1245308,POINT (47.35318883708523 8.558855269452192),8
8591040,70,,,"Zürich, Altenhofstrasse",Zürich,Bus,&nbsp;,0,,110,2,Bus,77,2684827,1245546,POINT (47.35530484117829 8.56141477876649),8
8591231,3648,,,"Zürich, Klosbach",Zürich,Trolleybus,&nbsp;,0,,110,2,Bus,33,2685010,1247186,POINT (47.37003038040846 8.564148009890397),7
8591233,1430,,,"Zürich, Klusplatz",Zürich,"Bus,Tram,Trolleybus",&nbsp;,2,,110,3,Bus Tram,"3,8,31,33,701,703,704,N16,N19",2685186,1246519,POINT (47.36400909000458 8.566351004365719),7
8591274,1640,,,"Zürich, Micafil",Zürich,"Bus,Tram",&nbsp;,2,,110,3,Bus Tram,"2,N2",2678206,1249650,POINT (47.39303283506273 8.47450533686651),9
8591328,2140,,,"Zürich, Rütihof",Zürich,Trolleybus,&nbsp;,0,,110,2,Bus,46,2678395,1251951,POINT (47.41370415605247 8.477411868149577),10
8591311,2034,,,"Zürich, Rautistrasse",Zürich,Bus,&nbsp;,0,,110,2,Bus,"67,78,80,N13",2678944,1248583,POINT (47.38334882657105 8.48409111987166),9
8591036,47,,,"Zürich, Albisrieden",Zürich,"Bus,Tram",&nbsp;,2,,110,3,Bus Tram,"3,80,N13",2679010,1247587,POINT (47.37438344416047 8.484789233603985),9
8591197,1231,,,"Zürich, Hohenklingensteig",Zürich,Bus,&nbsp;,0,,110,2,Bus,"80,89,304,308",2679379,1250590,POINT (47.40134631393065 8.490207340848483),10
8591254,1549,,,"Zürich, Letzipark West",Zürich,Bus,&nbsp;,0,,110,2,Bus,"83,89",2679874,1248931,POINT (47.38636644404829 8.496467873835247),9
8591046,6627,,,"Zürich, Aspholz",Zürich,Bus,&nbsp;,0,,110,2,Bus,61,2680159,1253229,POINT (47.4249852275958 8.501012496878403),11
8591151,904,,,"Zürich, Friesenbergstrasse",Zürich,"Bus,Trolleybus",&nbsp;,0,,110,2,Bus,"32,73,89,N5",2680562,1246238,POINT (47.36206337607575 8.505093883741718),3
8591074,467,,,"Zürich, Bernoulli-Häuser",Zürich,"Bus,Tram",&nbsp;,2,,110,3,Bus Tram,"6,8,N13",2680787,1249766,POINT (47.39376458904066 8.50870884931639),5
8591045,3151,,,"Zürich, Appenzellerstrasse",Zürich,Bus,&nbsp;,0,,110,2,Bus,38,2680841,1250339,POINT (47.3989111581736 8.509527600214543),10
8591390,2638,,,"Zürich, Talwiesenstrasse",Zürich,"Bus,Tram",&nbsp;,2,,110,3,Bus Tram,"9,14,N5",2680894,1247119,POINT (47.36994593424158 8.509647471522415),3
8591182,1143,,,"Zürich, Hegianwandweg",Zürich,"Bus,Trolleybus",&nbsp;,0,,110,2,Bus,"32,89,N5",2680941,1245641,POINT (47.35664784712372 8.510002520143328),3
8591084,3714,,,"Zürich, Binz Center",Zürich,Bus,&nbsp;,0,,110,2,Bus,76,2681012,1246226,POINT (47.36190029767796 8.511048010455781),3
8591416,2799,,,"Zürich, Waidbadstrasse",Zürich,Bus,&nbsp;,0,,110,2,Bus,"38,69",2681144,1250350,POINT (47.39897282585119 8.513542943885572),10
8591210,1310,,,"Zürich, Im Hüsli",Zürich,Bus,&nbsp;,0,,110,2,Bus,"70,N12",2681188,1242485,POINT (47.32823398683713 8.512699798043704),2
8591177,1122,,,"Zürich, Hardplatz",Zürich,"Bus,Tram,Trolleybus",&nbsp;,2,,110,3,Bus Tram,"8,31,33,72,83,N2,N5,N8",2681244,1248502,POINT (47.38234075897212 8.514531862707935),4
8591132,859,,,"Zürich, Flobotstrasse",Zürich,Bus,&nbsp;,0,,110,2,Bus,39,2685287,1248363,POINT (47.38057972804686 8.568039226989399),7
8591104,580,,,"Zürich, Burgwies",Zürich,Tram,&nbsp;,2,,110,5,Tram,11,2685612,1245859,POINT (47.35801827561624 8.571863603767472),8
8591347,2329,,,"Zürich, Schürgistrasse",Zürich,Bus,&nbsp;,0,,110,2,Bus,"94,787,N78",2686114,1251517,POINT (47.40883686170611 8.579596510880874),12
8591263,1587,,,"Zürich, Luchswiesen",Zürich,"Bus,Tram",&nbsp;,2,,110,3,Bus Tram,"9,94,787,N11,N78",2686591,1251306,POINT (47.40687674435279 8.585874777700816),12
8591245,1519,,,"Zürich, Laubegg",Zürich,"Bus,Tram",&nbsp;,2,,110,3,Bus Tram,"5,10,13,89,N5",2681473,1245880,POINT (47.35873174170379 8.517086937987672),3
8591417,2800,,,"Zürich, Waidfussweg",Zürich,"Bus,Tram",&nbsp;,2,,110,3,Bus Tram,"13,N4",2681516,1249969,POINT (47.39550042813616 8.51840078044288),10
8591169,1076,,,"Zürich, Güterbahnhof",Zürich,"Bus,Tram,Trolleybus",&nbsp;,2,,110,3,Bus Tram,"8,31,N2,N8",2681658,1248282,POINT (47.38031103353934 8.519973589927185),4
8591414,6019,,,"Zürich, Waffenplatz-/Bederstr.",Zürich,"Bus,Trolleybus",&nbsp;,0,,110,2,Bus,"66,72",2682180,1246216,POINT (47.36166576607937 8.526505987060652),2
8591425,2858,,,"Zürich, Weihersteig",Zürich,Bus,&nbsp;,0,,110,2,Bus,69,2682287,1250246,POINT (47.39789571294767 8.528663245503056),10
8591216,1354,,,"Zürich, Jugendherberge",Zürich,"Bus,Trolleybus",&nbsp;,0,,110,2,Bus,"66,72,N12",2682317,1244689,POINT (47.34791568351353 8.528038721224629),2
8591381,2556,,,"Zürich, Stauffacher",Zürich,"Bus,Tram",&nbsp;,2,,110,3,Bus Tram,"2,3,8,9,14,N14",2682369,1247526,POINT (47.3734235356202 8.529248604787151),4
8591111,649,,,"Zürich, Dangelstrasse",Zürich,Bus,&nbsp;,0,,110,2,Bus,"184,185,N12",2682483,1243204,POINT (47.33453962449877 8.529962040856551),2
8591106,586,,,"Zürich, Butzenstrasse",Zürich,"Bus,Tram",&nbsp;,2,,110,3,Bus Tram,"7,70,184,185,N12",2682499,1243968,POINT (47.34140864463785 8.530314328034507),2
8591217,1356,,,"Zürich, Kalchbühlweg",Zürich,Bus,&nbsp;,0,,110,2,Bus,66,2682591,1243872,POINT (47.34053375342452 8.531513892651985),2
8591404,2689,,,"Zürich, Tunnelstrasse",Zürich,Tram,&nbsp;,2,,110,5,Tram,"7,10,13",2682628,1246720,POINT (47.36614243368234 8.532528744765461),2
8591383,6117,,,"Zürich, Stierenried",Zürich,Bus,&nbsp;,0,,110,2,Bus,64,2682772,1252335,POINT (47.41662191676158 8.535473875058925),11
8591317,2055,,,"Zürich, Rentenanstalt",Zürich,"Bus,Tram",&nbsp;,2,,110,3,Bus Tram,"5,161,165,N12,N15",2682822,1246416,POINT (47.36338408721491 8.535040527944593),2
8591342,2320,,,"Zürich, Schönauring",Zürich,Bus,&nbsp;,0,,110,2,Bus,"75,N6",2682831,1253390,POINT (47.42610236952588 8.536451182045969),11
8591286,1710,,,"Zürich, Neubühl",Zürich,Bus,&nbsp;,0,,110,2,Bus,66,2682862,1243030,POINT (47.33292724239339 8.534943793922691),2
8591092,3789,,,"Zürich, Bollingerweg",Zürich,Bus,&nbsp;,0,,110,2,Bus,"64,75,N6",2682959,1252078,POINT (47.41428711447249 8.537903868161449),11
8591237,1468,,,"Zürich, Kronenstrasse",Zürich,Tram,&nbsp;,2,,110,5,Tram,"11,14",2683106,1249166,POINT (47.38808009887477 8.539310290671454),6
8503651,3023,,,"Zürich Bürkliplatz, Schiffst.",Zürich,Schiff,"<IMG SRC=""../gisbrowser/_img/ZVV/HstTyp1.gif"" ALT=""Schiffsstation"">",1,,110,4,Schiff,"3730,3732,3734",2683268,1246676,POINT (47.36566617271538 8.540992344441896),1
8591373,2411,,,"Zürich, Sonneggstrasse",Zürich,"Bus,Tram",&nbsp;,2,,110,3,Bus Tram,"7,15,N6",2683445,1248588,POINT (47.38283909880602 8.543691737313958),6
8591244,1507,,,"Zürich, Langmauerstrasse",Zürich,"Bus,Tram",&nbsp;,2,,110,3,Bus Tram,"9,10,N11",2683511,1249779,POINT (47.39354178543378 8.544787983493793),6
8503500,1896,,,"Zürich, Polyterrasse ETH",Zürich,Standseilbahn,&nbsp;,0,,110,6,Bergbahn,24,2683658,1247925,POINT (47.37684949912907 8.546388194350509),1
8591287,1724,,,"Zürich, Neumarkt",Zürich,"Tram,Trolleybus",&nbsp;,2,,110,3,Bus Tram,"3,31",2683737,1247473,POINT (47.37277446680287 8.547349579642496),1
8503059,3039,,,"Zürich, Bahnhof Stadelhofen",Zürich,"S-Bahn,Tram","<IMG SRC=""../gisbrowser/_img/ZVV/HstTyp4.gif"" ALT=""S-Bahn Haltestelle"">",4,,110,8,Bahn Tram,"8,11,15,S18,SN18",2683808,1246752,POINT (47.36628122083064 8.548154562800391),1
8591242,1502,,,"Zürich, Langensteinenstrasse",Zürich,Bus,&nbsp;,0,,110,2,Bus,39,2683887,1249668,POINT (47.39249575154314 8.549746891774856),6
8591109,3717,,,"Zürich, Chinagarten",Zürich,Bus,&nbsp;,0,,110,2,Bus,"912,916",2684189,1245449,POINT (47.35451427630923 8.552952976075513),8
8591420,2814,,,"Zürich, Waldgarten",Zürich,"Bus,Tram",&nbsp;,2,,110,3,Bus Tram,"7,9,75,N11",2684431,1250924,POINT (47.40372180324097 8.557188576903096),12
8591397,2673,,,"Zürich, Toblerplatz",Zürich,"Bus,Tram,Trolleybus",&nbsp;,2,,110,3,Bus Tram,"6,33,N17",2684633,1248188,POINT (47.37909023128002 8.559346711075307),7
8503083,2124,,,"Zürich, Römerhof",Zürich,"Bus,Tram,Zahnradbahn",&nbsp;,2,,110,10,Bergbahn Bus Tram,"3,8,25,N16,N19",2684740,1246976,POINT (47.36817655215899 8.560533979791906),7
8530812,1144,,,"Zürich, Hegibachplatz",Zürich,"Bus,S-Bahn,Tram,Trolleybus","<IMG SRC=""../gisbrowser/_img/ZVV/HstTyp4.gif"" ALT=""S-Bahn Haltestelle"">",4,,110,7,Bahn Bus Tram,"11,31,33,77,S18,SN18",2684764,1246264,POINT (47.36177019203 8.560716897917226),7
8576182,3041,,,"Zürich, Bahnhof Tiefenbrunnen",Zürich,"Bus,Tram,Trolleybus",&nbsp;,2,,110,3,Bus Tram,"2,4,33,910,912,916,N18",2684803,1245002,POINT (47.35041552293263 8.560994170697292),8
8591440,2956,,,"Zürich, Wonnebergstrasse",Zürich,Bus,&nbsp;,0,,110,2,Bus,77,2685220,1245167,POINT (47.351845656717 8.566543798478026),8
8591310,2033,,,"Zürich, Rautihalde",Zürich,Bus,&nbsp;,0,,110,2,Bus,"35,67,78,N13",2678186,1248887,POINT (47.38617322099645 8.474107112067909),9
8591141,893,,,"Zürich, Friedhof Eichbühl",Zürich,Bus,&nbsp;,0,,110,2,Bus,35,2678223,1248521,POINT (47.38287722815 8.474533095288947),9
8591051,137,,,"Zürich, Bachmattstrasse",Zürich,Tram,&nbsp;,2,,110,5,Tram,2,2678857,1249202,POINT (47.38892617680611 8.483048196948547),9
8576241,1156,,,"Zürich, Heizenholz",Zürich,"Bus,Trolleybus",&nbsp;,0,,110,2,Bus,"46,89,N4",2678883,1251795,POINT (47.41224291443764 8.483849909033813),10
8591258,1570,,,"Zürich, Lindenplatz",Zürich,"Bus,Tram",&nbsp;,2,,110,3,Bus Tram,"2,35,78,80,N13",2679090,1249082,POINT (47.38781903544009 8.486112591261845),9
8591423,2831,,,"Zürich, Wartau",Zürich,"Bus,Tram",&nbsp;,2,,110,3,Bus Tram,"13,80,N4",2679509,1250742,POINT (47.40269762549593 8.491956351106912),10
8591134,867,,,"Zürich, Flurstrasse",Zürich,Bus,&nbsp;,0,,110,2,Bus,"83,89",2679543,1248390,POINT (47.38154105111524 8.491988502899055),9
8591363,2385,,,"Zürich, Siemens",Zürich,Tram,&nbsp;,2,,110,5,Tram,3,2679700,1248050,POINT (47.37846431309095 8.494006805701117),9
8591434,2934,,,"Zürich, Winzerhalde",Zürich,Bus,&nbsp;,0,,110,2,Bus,"80,89,304,308",2679710,1250451,POINT (47.40005625993101 8.49456699764464),10
8591431,2899,,,"Zürich, Wieslergasse",Zürich,"Bus,Trolleybus",&nbsp;,0,,110,2,Bus,"38,46,N4",2679809,1250898,POINT (47.40406430468545 8.495958101637257),10
8503054,12530,,,Zürich Triemli,Zürich,S-Bahn,"<IMG SRC=""../gisbrowser/_img/ZVV/HstTyp4.gif"" ALT=""S-Bahn Haltestelle"">",4,,110,1,Bahn,S10,2679812,1246548,POINT (47.36494259711215 8.495221944110536),3
8591348,3566,,,"Zürich, Schützenhaus Höngg",Zürich,Bus,&nbsp;,0,,110,2,Bus,38,2679883,1251529,POINT (47.40973013557775 8.497051101928683),10
8591176,1120,,,"Zürich, Hardhof",Zürich,Tram,&nbsp;,2,,110,5,Tram,6,2679935,1250042,POINT (47.39635070278256 8.497474176392471),9
8576240,1626,,,"Zürich, Meierhofplatz",Zürich,"Bus,Tram,Trolleybus",&nbsp;,2,,110,3,Bus Tram,"13,38,46,80,N4,N8",2680070,1250673,POINT (47.40200911992864 8.499375196394597),10
8591150,903,,,"Zürich, Friesenberghalde",Zürich,Bus,&nbsp;,0,,110,2,Bus,73,2680360,1246130,POINT (47.36111674127125 8.502400784645149),3
8591208,3123,,,"Zürich, Im Gut",Zürich,Bus,&nbsp;,0,,110,2,Bus,"67,89",2680414,1247520,POINT (47.37361104772871 8.503365169537895),3
8591252,1548,,,"Zürich, Letzigrund",Zürich,Tram,&nbsp;,2,,110,5,Tram,2,2680430,1248368,POINT (47.38123551484529 8.503729382169187),4
8591201,1280,,,"Zürich, Hönggerberg",Zürich,Bus,&nbsp;,0,,110,2,Bus,"69,80,N8",2680476,1251015,POINT (47.40503536026541 8.504814692321393),10
8591043,3150,,,"Zürich, Am Börtli",Zürich,Bus,&nbsp;,0,,110,2,Bus,38,2680660,1250416,POINT (47.3996258369259 8.507144073222484),10
8591034,46,,,"Zürich, Albisgütli",Zürich,Tram,&nbsp;,2,,110,5,Tram,"10,13",2680775,1245121,POINT (47.35199160229792 8.507711765832672),3
8591131,857,,,"Zürich, Fischerweg",Zürich,"Bus,Tram",&nbsp;,2,,110,3,Bus Tram,"6,8,N13",2681045,1249748,POINT (47.393571015982 8.512122564483064),5
8591075,468,,,"Zürich, Bertastrasse",Zürich,"Bus,Trolleybus",&nbsp;,0,,110,2,Bus,"72,N5",2681176,1247561,POINT (47.37388634927131 8.513460784221135),3
8591278,1648,,,"Zürich, Mittelleimbach",Zürich,Bus,&nbsp;,0,,110,2,Bus,"70,151,N12",2681316,1241920,POINT (47.3231368663303 8.514290506540382),2
8591447,3018,,,"Zürich, Zwinglihaus",Zürich,"Bus,Trolleybus",&nbsp;,0,,110,2,Bus,"32,72,N5",2681368,1247299,POINT (47.37150639475669 8.515955076838386),3
8591049,132,,,"Zürich, Auzelg",Zürich,"Bus,Tram",&nbsp;,2,,110,3,Bus Tram,"11,12,79",2685288,1252423,POINT (47.41709221514687 8.568826785614082),12
8591429,2879,,,"Zürich, Wetlistrasse",Zürich,"S-Bahn,Tram","<IMG SRC=""../gisbrowser/_img/ZVV/HstTyp4.gif"" ALT=""S-Bahn Haltestelle"">",4,,110,8,Bahn Tram,"11,SN18",2685364,1246093,POINT (47.36015488853489 8.568625906445758),7
8591050,134,,,"Zürich, Auzelg Ost",Zürich,Bus,&nbsp;,0,,110,2,Bus,79,2685531,1252028,POINT (47.41350837730965 8.571970881055385),12
8591264,1590,,,"Zürich, Luegisland",Zürich,"Bus,Tram",&nbsp;,2,,110,3,Bus Tram,"9,N11",2686254,1251205,POINT (47.4060126571048 8.581390987740578),12
8591315,2549,,,"Zürich, Rehalp",Zürich,"S-Bahn,Tram","<IMG SRC=""../gisbrowser/_img/ZVV/HstTyp4.gif"" ALT=""S-Bahn Haltestelle"">",4,,110,8,Bahn Tram,"11,S18,SN18",2686463,1245094,POINT (47.35102727603772 8.582978957432323),8
8591424,2836,,,"Zürich, Waserstrasse",Zürich,"Bus,Trolleybus",&nbsp;,0,,110,2,Bus,"31,N16,N19",2686532,1245906,POINT (47.35832082314761 8.584048918172364),7
8591102,3787,,,"Zürich, Buchholz",Zürich,Bus,&nbsp;,0,,110,2,Bus,91,2686879,1246201,POINT (47.36092820786364 8.588698725708131),7
8591228,1389,,,"Zürich, Kienastenwies",Zürich,"Bus,Trolleybus",&nbsp;,0,,110,2,Bus,"31,N16",2687812,1245571,POINT (47.35513877263363 8.600924128658669),7
8591161,6020,,,"Zürich, Glaubtenstrasse Süd",Zürich,Bus,&nbsp;,0,,110,2,Bus,80,2681510,1251988,POINT (47.41365868453401 8.51868938341102),11
8595899,6975,,,"Zürich, Glaubtenstrasse Nord",Zürich,Bus,&nbsp;,0,,110,2,Bus,"40,80",2681581,1252110,POINT (47.41474707331946 8.51965233285628),11
8503091,12546,,,Zürich Giesshübel,Zürich,S-Bahn,"<IMG SRC=""../gisbrowser/_img/ZVV/HstTyp4.gif"" ALT=""S-Bahn Haltestelle"">",4,,110,1,Bahn,"S4,SN4",2681837,1246322,POINT (47.36266174772128 8.521985378156671),3
8591041,3706,,,"Zürich, Althoos",Zürich,Bus,&nbsp;,0,,110,2,Bus,40,2681920,1251665,POINT (47.41070297115845 8.5240622833995),11
8573710,3042,,,"Zürich, Bahnhof Wiedikon",Zürich,"Bus,Tram",&nbsp;,2,,110,3,Bus Tram,"9,14,67,76,215,220,235,236,245,350",2681991,1247302,POINT (47.37145615531236 8.52420323204923),4
8591235,1445,,,"Zürich, Krematorium Nordheim",Zürich,Bus,&nbsp;,0,,110,2,Bus,40,2682243,1251076,POINT (47.4053656585656 8.528233118243305),10
8591082,488,,,"Zürich, Billoweg",Zürich,"Bus,Tram",&nbsp;,2,,110,3,Bus Tram,"7,N15",2682609,1245088,POINT (47.35146754575546 8.531976224305129),2
8591367,1366,,,"Zürich, Sihlpost / HB",Zürich,"Bus,Tram,Trolleybus",&nbsp;,2,,110,3,Bus Tram,"3,14,31,N2,N8",2682739,1247828,POINT (47.37609318204853 8.534202852979533),4
8591380,3768,,,"Zürich, Staudenbühl",Zürich,Bus,&nbsp;,0,,110,2,Bus,40,2682758,1252712,POINT (47.42001413351241 8.535358196472872),11
8591369,2396,,,"Zürich, Sihlstrasse",Zürich,Tram,&nbsp;,2,,110,5,Tram,"2,9",2682773,1247403,POINT (47.37226672565478 8.534574410709309),1
8591282,1667,,,"Zürich, Museum für Gestaltung",Zürich,"Bus,Tram",&nbsp;,2,,110,3,Bus Tram,"4,6,13,N1,N4,N5,N7,N13",2682785,1248499,POINT (47.38212195245331 8.534935998010381),5
8591080,3774,,,"Zürich, Bhf. Wollishofen/Werft",Zürich,Bus,&nbsp;,0,,110,2,Bus,"161,165,N15",2682794,1244713,POINT (47.34807179465205 8.534355129064387),2
8591053,144,,,"Zürich, Bad Allenmoos",Zürich,Tram,&nbsp;,2,,110,5,Tram,11,2682963,1251145,POINT (47.4058958860625 8.537783705376652),6
8503449,786,,,"Zürich Enge, Schiffstation",Zürich,Schiff,"<IMG SRC=""../gisbrowser/_img/ZVV/HstTyp1.gif"" ALT=""Schiffsstation"">",1,,110,4,Schiff,3734,2682997,1245920,POINT (47.3589013410894 8.537264989714444),2
8591335,2158,,,"Zürich, Schaffhauserplatz",Zürich,"Bus,Tram,Trolleybus",&nbsp;,2,,110,3,Bus Tram,"7,11,14,15,33,N1,N6,N7",2683055,1249565,POINT (47.39167486913743 8.538708994917185),6
8591409,6584,,,"Zürich, Usteristrasse",Zürich,,&nbsp;,0,,,99,,,2683083,1247752,POINT (47.37536640080297 8.53874318121618),1
8587348,412,,,"Zürich, Bahnhofplatz/HB",Zürich,"Bus,Tram,Trolleybus",&nbsp;,2,,110,3,Bus Tram,"3,14,31,N2,N8",2683122,1247962,POINT (47.37725008902943 8.539298519856215),1
8591276,1643,,,"Zürich, Milchbuck",Zürich,"Bus,Tram,Trolleybus",&nbsp;,2,,110,3,Bus Tram,"7,9,10,14,69,72,83,N6",2683276,1250248,POINT (47.39778939873318 8.541762975424016),6
8591309,2030,,,"Zürich, Rathaus",Zürich,Tram,&nbsp;,2,,110,5,Tram,"4,15",2683401,1247353,POINT (47.37173787409392 8.542878984647993),1
8591193,1215,,,"Zürich, Hirschwiesenstrasse",Zürich,Tram,&nbsp;,2,,110,5,Tram,"10,14",2683403,1250526,POINT (47.40027346556526 8.543496940681162),6
8591183,1157,,,"Zürich, Helmhaus",Zürich,Tram,&nbsp;,2,,110,5,Tram,"4,15",2683435,1247168,POINT (47.37006979583794 8.543294615697283),1
8503007,13037,,,Zürich Seebach,Zürich,S-Bahn,"<IMG SRC=""../gisbrowser/_img/ZVV/HstTyp4.gif"" ALT=""S-Bahn Haltestelle"">",4,,110,1,Bahn,"S6,SN6",2683450,1252550,POINT (47.41846988118878 8.544497324869308),11
8591085,497,,,"Zürich, Birch-/Glatttalstrasse",Zürich,Bus,&nbsp;,0,,110,2,Bus,"75,742,N6",2683560,1253545,POINT (47.42740418741856 8.546140929056341),11
8591382,2572,,,"Zürich, Sternen Oerlikon",Zürich,"Bus,Tram",&nbsp;,2,,110,3,Bus Tram,"10,11,14,61,62,75,94,N6,N11",2683594,1251618,POINT (47.41006990644386 8.546231030421062),11
8591112,694,,,"Zürich, Dorflinde",Zürich,Bus,&nbsp;,0,,110,2,Bus,75,2683826,1251325,POINT (47.40740538896681 8.549249638972741),11
8591411,2779,,,"Zürich, Vogelsangstrasse",Zürich,Trolleybus,&nbsp;,0,,110,2,Bus,33,2683850,1248672,POINT (47.38354311829112 8.549070200770348),6
8591239,1472,,,"Zürich, Kunsthaus",Zürich,"Tram,Trolleybus",&nbsp;,2,,110,3,Bus Tram,"3,5,9,31",2683876,1247215,POINT (47.3704365009735 8.549141430698866),1
8591273,3154,,,"Zürich, Messe/Hallenstadion",Zürich,"Bus,Tram",&nbsp;,2,,110,3,Bus Tram,"11,61,62,94,N11",2683883,1251721,POINT (47.41095946039507 8.550079049152776),11
8591376,2451,,,"Zürich, Spyriplatz",Zürich,Trolleybus,&nbsp;,0,,110,2,Bus,33,2684071,1248535,POINT (47.38228286803702 8.551970823253358),7
8591156,971,,,"Zürich, Germaniastrasse",Zürich,"Bus,Standseilbahn",&nbsp;,0,,110,9,Bergbahn Bus,"23,39",2684082,1249074,POINT (47.38712886470562 8.552217764522641),6
8530473,2090,,,"Zürich, Rigiblick",Zürich,"Bus,Standseilbahn",&nbsp;,0,,110,9,Bergbahn Bus,"23,39",2684172,1249098,POINT (47.38733321099513 8.553414091068516),6
8576198,1286,,,"Zürich, Höschgasse",Zürich,"Bus,Tram,Trolleybus",&nbsp;,2,,110,3,Bus Tram,"2,4,33,912,916,N18",2684278,1245837,POINT (47.35799234103848 8.554203828005679),8
8591230,1407,,,"Zürich, Kirche Fluntern",Zürich,"Bus,Tram,Trolleybus",&nbsp;,2,,110,3,Bus Tram,"5,6,33,751,N17",2684640,1247889,POINT (47.37640032668426 8.559382847085672),7
8591196,3469,,,"Zürich, Hofstrasse",Zürich,Trolleybus,&nbsp;,0,,110,2,Bus,33,2684809,1247554,POINT (47.3733658292259 8.561556875223364),7
8591137,3466,,,"Zürich, Freiestrasse",Zürich,Trolleybus,&nbsp;,0,,110,2,Bus,"31,33",2684933,1246381,POINT (47.36280065910274 8.562975975912023),7
8591113,708,,,"Zürich, Dreispitz",Zürich,Bus,&nbsp;,0,,110,2,Bus,"61,62,94,N11",2685173,1251721,POINT (47.41079386531867 8.567169282162252),12
8591044,92,,,"Zürich, Am Suteracher",Zürich,Bus,&nbsp;,0,,110,2,Bus,35,2677852,1249413,POINT (47.39094332359794 8.469775711830403),9
8591130,852,,,"Zürich, Feusisbergli",Zürich,Bus,&nbsp;,0,,110,2,Bus,35,2677940,1249606,POINT (47.39266865009934 8.470974764695788),9
8591408,2754,,,"Zürich, Untermoosstrasse",Zürich,Bus,&nbsp;,0,,110,2,Bus,"67,80,N13",2678896,1248191,POINT (47.37982914790125 8.483386415274992),9
8591056,3022,,,"Zürich, Bahnhof Altstetten",Zürich,"Bus,Trolleybus",&nbsp;,0,,110,2,Bus,"31,35,78,80,83,89,N2,N13",2679256,1249450,POINT (47.39110866084621 8.488376068301445),9
8591126,840,,,"Zürich, Fellenbergstrasse",Zürich,"Bus,Tram",&nbsp;,2,,110,3,Bus Tram,"3,67",2679282,1247739,POINT (47.37571777950242 8.488417253478959),9
8591222,1364,,,"Zürich, Kappeli",Zürich,"Bus,Tram",&nbsp;,2,,110,3,Bus Tram,"2,83,89",2679756,1248796,POINT (47.38516662936114 8.494881219235003),9
8591446,3015,,,"Zürich, Zwielplatz",Zürich,"Bus,Tram",&nbsp;,2,,110,3,Bus Tram,"13,80,N4",2679857,1250690,POINT (47.40218786758429 8.496556795550728),10
8591401,2682,,,"Zürich, Triemlispital",Zürich,Bus,&nbsp;,0,,110,2,Bus,80,2679936,1246664,POINT (47.36597081109666 8.496884035639519),3
8591223,3138,,,"Zürich, Kappenbühlweg",Zürich,Bus,&nbsp;,0,,110,2,Bus,38,2679983,1250778,POINT (47.40296399361215 8.498241560322295),10
8503053,12302,,,Zürich Schweighof,Zürich,S-Bahn,"<IMG SRC=""../gisbrowser/_img/ZVV/HstTyp4.gif"" ALT=""S-Bahn Haltestelle"">",4,,110,1,Bahn,S10,2680410,1246561,POINT (47.36498682447763 8.503139974858337),3
8576262,2968,,,"Zürich, Zehntenhausplatz",Zürich,"Bus,Trolleybus",&nbsp;,0,,110,2,Bus,"32,37,61,62,491,N1",2680579,1252587,POINT (47.41916026244788 8.506462509096199),11
8591338,3458,,,"Zürich, Schauenberg",Zürich,Bus,&nbsp;,0,,110,2,Bus,37,2680619,1252258,POINT (47.41619656964907 8.50693317533921),11
8591039,67,,,"Zürich, Alte Trotte",Zürich,"Bus,Tram",&nbsp;,2,,110,3,Bus Tram,"13,N4",2680701,1250191,POINT (47.39759730989542 8.507646539716491),10
8591407,2737,,,"Zürich, Unteraffoltern",Zürich,Bus,&nbsp;,0,,110,2,Bus,"62,N1",2680977,1253196,POINT (47.42458834144841 8.511846542660322),11
8503020,13029,,,Zürich Hardbrücke,Zürich,S-Bahn,"<IMG SRC=""../gisbrowser/_img/ZVV/HstTyp4.gif"" ALT=""S-Bahn Haltestelle"">",4,,110,1,Bahn,"SN1,S3,S5,SN5,S6,SN6,S7,SN7,S9,SN9,S11,S12,S15,S16,S21",2681418,1248850,POINT (47.38544897632961 8.516899159421625),4
8591133,868,,,"Zürich, Flühgasse",Zürich,Bus,&nbsp;,0,,110,2,Bus,77,2685444,1245016,POINT (47.35045865925331 8.569479311798062),8
8591120,3594,,,"Zürich, EPI-Klinik",Zürich,Bus,&nbsp;,0,,110,2,Bus,77,2685536,1244816,POINT (47.34864805086947 8.570658581653964),8
8591221,1362,,,"Zürich, Kapfstrasse",Zürich,"Bus,Trolleybus",&nbsp;,0,,110,2,Bus,"31,N16,N19",2685557,1246207,POINT (47.36115510614705 8.571202156254726),7
8591212,1315,,,"Zürich, Im Walder",Zürich,Bus,&nbsp;,0,,110,2,Bus,77,2685817,1244761,POINT (47.34811689503514 8.574366445072361),8
8591325,2107,,,"Zürich, Roswiesen",Zürich,"Bus,Tram",&nbsp;,2,,110,3,Bus Tram,"7,N11",2685926,1250860,POINT (47.40295287403449 8.57697967133028),12
8591443,4,,,"Zürich, Zoo/Forrenweid",Zürich,Bus,&nbsp;,0,,110,2,Bus,751,2686046,1248365,POINT (47.38049902545141 8.578089271142023),7
8591115,713,,,"Zürich, Drusbergstrasse",Zürich,"Bus,Trolleybus",&nbsp;,0,,110,2,Bus,"31,N16,N19",2686135,1246125,POINT (47.3603423669598 8.578836693532871),7
8591300,3765,,,"Zürich, Stodolastrasse",Zürich,Bus,&nbsp;,0,,110,2,Bus,91,2687026,1245756,POINT (47.35690678294999 8.59055790942144),7
8591445,3011,,,"Zürich, Zweiackerstrasse",Zürich,"Bus,Trolleybus",&nbsp;,0,,110,2,Bus,"31,N16",2687579,1245780,POINT (47.35704937664393 8.59788140577899),7
8591147,899,,,"Zürich, Friedhof Witikon",Zürich,Bus,&nbsp;,0,,110,2,Bus,"701,703,704,N16,N19",2687934,1246267,POINT (47.36138185185548 8.602675362783469),7
8591259,1579,,,"Zürich, Lochergut",Zürich,"Bus,Tram",&nbsp;,2,,110,3,Bus Tram,"2,3,N14",2681479,1247735,POINT (47.37541380586801 8.517503916484952),4
8503051,12544,,,Zürich Binz,Zürich,S-Bahn,"<IMG SRC=""../gisbrowser/_img/ZVV/HstTyp4.gif"" ALT=""S-Bahn Haltestelle"">",4,,110,1,Bahn,S10,2681578,1246315,POINT (47.36263090198923 8.518555888917072),3
8591341,2256,,,"Zürich, Schmiede Wiedikon",Zürich,"Bus,Tram,Trolleybus",&nbsp;,2,,110,3,Bus Tram,"9,14,67,72,76,215,220,235,236,245,350,N5",2681605,1247149,POINT (47.37012807650715 8.519065269321606),3
8591061,2547,,,"Zürich, Bahnhof Leimbach",Zürich,Bus,&nbsp;,0,,110,2,Bus,"70,N12",2681626,1243049,POINT (47.33325226850778 8.518596253725049),2
8591247,1528,,,"Zürich, Lehenstrasse",Zürich,"Bus,Trolleybus",&nbsp;,0,,110,2,Bus,"46,N8",2681689,1250043,POINT (47.39614450306231 8.520705595756622),10
8591240,1595,,,"Zürich, Lägernstrasse",Zürich,Trolleybus,&nbsp;,0,,110,2,Bus,32,2682555,1250029,POINT (47.39591062610436 8.532172870020855),10
8591058,3026,,,"Zürich, Bahnhof Enge",Zürich,"Bus,Tram",&nbsp;,2,,110,3,Bus Tram,"5,7,N15",2682559,1246495,POINT (47.36412756403759 8.531573894365497),2
8591296,3786,,,"Zürich, Okenstrasse",Zürich,Trolleybus,&nbsp;,0,,110,2,Bus,46,2682716,1249153,POINT (47.38801226979795 8.53414326163891),10
8516661,14012,,,Zürich HB Museum,Zürich,,&nbsp;,0,,,99,,,2683058,1248155,POINT (47.37899387858626 8.538486982117016),1
8591105,615,,,"Zürich, Bürkliplatz",Zürich,"Bus,Tram",&nbsp;,2,,110,3,Bus Tram,"2,5,8,9,11,161,165",2683250,1246773,POINT (47.36654080568354 8.540772112735793),1
8591062,6255,,,"Zürich, Bahnhof Oerlikon Nord",Zürich,Bus,&nbsp;,0,,110,2,Bus,"64,80,N7",2683417,1251875,POINT (47.41240362022607 8.543934081753671),11
8580449,3034,,,"Zürich, Bahnhof Oerlikon",Zürich,"Bus,Tram",&nbsp;,2,,110,3,Bus Tram,"11,61,62,94,768,781,787,N11,N78",2683489,1251772,POINT (47.41146818960042 8.544868746143013),11
8591386,2598,,,"Zürich, Strickhof",Zürich,Bus,&nbsp;,0,,110,2,Bus,39,2683719,1249780,POINT (47.39352437528463 8.547542913507369),6
8591256,1552,,,"Zürich, Leutschenbach",Zürich,"Bus,Tram",&nbsp;,2,,110,3,Bus Tram,"10,11,781,787,N78",2683971,1252107,POINT (47.4144196367618 8.551317415454291),11
8591220,1359,,,"Zürich, Kantonsschule",Zürich,Tram,&nbsp;,2,,110,5,Tram,"5,9",2683977,1247470,POINT (47.37271694475386 8.55052632524793),1
8591172,1093,,,"Zürich, Hagenholz",Zürich,Bus,&nbsp;,0,,110,2,Bus,"781,787,N78",2684262,1252117,POINT (47.414472393488 8.555174798480101),11
8591175,3760,,,"Zürich, Hallenbad Oerlikon",Zürich,Bus,&nbsp;,0,,110,2,Bus,"61,62,94,N11",2684320,1251699,POINT (47.4107057953423 8.555864393104715),11
8591094,3645,,,"Zürich, Botanischer Garten",Zürich,"Bus,Trolleybus",&nbsp;,0,,110,2,Bus,"33,77",2684550,1245991,POINT (47.35934248736744 8.557832845964231),8
